assetId	family	formatLabel	title	sourcePath	sourceLocator	declaredId	stableIdStatus	routePaths	runtimeExposure	module	inferredModule	moduleStatus	moduleInferenceBasis	contentForm	passageWordCount	questionGroupCount	decisionCount	rightsBasisPresent	authorPresent	reviewerPresent	factualSourcesPresent	surfaceClaim	provisionalRightsBasis	rightsAssessmentStatus	recommendedDisposition	runtimeQuarantineContradiction	quarantineReasonCodes	sourceFileSha256	sourceObjectSha256	passageSha256
formative:diagram-labeling:dl-greenhouse-ventilation	formative-route-bank	diagram-labeling	How a greenhouse ventilation system works	src/data/practica-exams/seo-catalog.ts	IELTS_DIAGRAM_LABELING_PASSAGES[1]	dl-greenhouse-ventilation	declared	/practica/ielts/reading/tipos-de-preguntas/diagram-labeling	published-catalog-route		academic	inferred	inferred-from-academic-reading-route	passage-string	205	1	6	false	false	false	false	original-welearn-visible-claim	unknown-quarantined	structured-evidence-absent	quarantine	true	missing-author | missing-factual-sources | missing-or-invalid-rights-basis | missing-reviewer | module-not-declared-on-asset	aebd26a1aa6a9cdae60f7b0208c3f5f6c3138889f8aeb4f3ae15efbe888734de	8a13ecbdaa754edad3064aee5353abe3bca0ec01bf7ae5594bdf8931fdd3108f	3adf4946029e75d474945a4ab3da830b3644901e2c4fe45ff253f7f672039ac5
formative:diagram-labeling:dl-hand-pump	formative-route-bank	diagram-labeling	How a hand pump lifts water	src/data/practica-exams/seo-catalog.ts	IELTS_DIAGRAM_LABELING_PASSAGES[2]	dl-hand-pump	declared	/practica/ielts/reading/tipos-de-preguntas/diagram-labeling	published-catalog-route		academic	inferred	inferred-from-academic-reading-route	passage-string	208	1	6	false	false	false	false	original-welearn-visible-claim	unknown-quarantined	structured-evidence-absent	quarantine	true	missing-author | missing-factual-sources | missing-or-invalid-rights-basis | missing-reviewer | module-not-declared-on-asset	aebd26a1aa6a9cdae60f7b0208c3f5f6c3138889f8aeb4f3ae15efbe888734de	5cdbc09b58198bacb9223b003c4b893bfb8fb4dd3fff026c23a41b4034c74636	d20148da663fa0c849d4d62faf20b289990898022e400287cf8acea9715ba932
formative:diagram-labeling:dl-rain-garden	formative-route-bank	diagram-labeling	How a rain garden filters street runoff	src/data/practica-exams/seo-catalog.ts	IELTS_DIAGRAM_LABELING_PASSAGES[0]	dl-rain-garden	declared	/practica/ielts/reading/tipos-de-preguntas/diagram-labeling	published-catalog-route		academic	inferred	inferred-from-academic-reading-route	passage-string	230	1	6	false	false	false	false	original-welearn-visible-claim	unknown-quarantined	structured-evidence-absent	quarantine	true	missing-author | missing-factual-sources | missing-or-invalid-rights-basis | missing-reviewer | module-not-declared-on-asset	aebd26a1aa6a9cdae60f7b0208c3f5f6c3138889f8aeb4f3ae15efbe888734de	169286e17390eac51a6c8d1b0621f6714f91c050f9280ca3e855788177fd49e2	d874002faad739b9d4413d6c558a367c1b2d63331f7dd0132ff7b3a56a7bdc18
formative:flow-chart-completion:flow-community-pottery	formative-route-bank	flow-chart-completion	Preparing clay for community pottery	src/data/practica-exams/seo-catalog.ts	IELTS_FLOW_CHART_COMPLETION_PASSAGES[1]	flow-community-pottery	declared	/practica/ielts/reading/tipos-de-preguntas/flow-chart-completion	published-catalog-route		academic	inferred	inferred-from-academic-reading-route	passage-string	222	1	6	false	false	false	false	original-welearn-visible-claim	unknown-quarantined	structured-evidence-absent	quarantine	true	missing-author | missing-factual-sources | missing-or-invalid-rights-basis | missing-reviewer | module-not-declared-on-asset	aebd26a1aa6a9cdae60f7b0208c3f5f6c3138889f8aeb4f3ae15efbe888734de	01d18b2fc26faf66c1d7ff0cd7f827fc5234612269244e948e4d98360f038f0a	f8a76e0c3032e7a0446f42af70e20284f794d70f73c28345ab904633c73e524e
formative:flow-chart-completion:flow-noise-mapping	formative-route-bank	flow-chart-completion	Creating an urban noise map	src/data/practica-exams/seo-catalog.ts	IELTS_FLOW_CHART_COMPLETION_PASSAGES[2]	flow-noise-mapping	declared	/practica/ielts/reading/tipos-de-preguntas/flow-chart-completion	published-catalog-route		academic	inferred	inferred-from-academic-reading-route	passage-string	214	1	6	false	false	false	false	original-welearn-visible-claim	unknown-quarantined	structured-evidence-absent	quarantine	true	missing-author | missing-factual-sources | missing-or-invalid-rights-basis | missing-reviewer | module-not-declared-on-asset	aebd26a1aa6a9cdae60f7b0208c3f5f6c3138889f8aeb4f3ae15efbe888734de	161d57827e7bbe02a99b6fff519fff6fbd1c14f54ed28dbf17ff81564dddf6b5	4375c6fb8058d0469ceadaaaff3b21831d1dc891073ed905bbb26f64a4e83735
formative:flow-chart-completion:flow-recycling-textiles	formative-route-bank	flow-chart-completion	Recycling cotton textiles	src/data/practica-exams/seo-catalog.ts	IELTS_FLOW_CHART_COMPLETION_PASSAGES[0]	flow-recycling-textiles	declared	/practica/ielts/reading/tipos-de-preguntas/flow-chart-completion	published-catalog-route		academic	inferred	inferred-from-academic-reading-route	passage-string	236	1	6	false	false	false	false	original-welearn-visible-claim	unknown-quarantined	structured-evidence-absent	quarantine	true	missing-author | missing-factual-sources | missing-or-invalid-rights-basis | missing-reviewer | module-not-declared-on-asset	aebd26a1aa6a9cdae60f7b0208c3f5f6c3138889f8aeb4f3ae15efbe888734de	d039e350b44ef1b56c4db882eef1139301e534607ae93149b521fb3e3469117d	75a94a0f537c569367a69e2eafada44f3b84a8822b7b318d319eeff6559bfd75
formative:matching-features:mf-memory-research	formative-route-bank	matching-features	Matching Features practice: memory research	src/data/practica-exams/seo-catalog.ts	IELTS_MATCHING_FEATURES_PASSAGES[1]	mf-memory-research	declared	/practica/ielts/reading/tipos-de-preguntas/matching-features	published-catalog-route		academic	inferred	inferred-from-academic-reading-route	passage-string	306	1	6	false	false	false	false	original-welearn-visible-claim	unknown-quarantined	structured-evidence-absent	quarantine	true	missing-author | missing-factual-sources | missing-or-invalid-rights-basis | missing-reviewer | module-not-declared-on-asset	aebd26a1aa6a9cdae60f7b0208c3f5f6c3138889f8aeb4f3ae15efbe888734de	c88f5a60dc24c9ce76a773055168b14f496321f720e215401053fc22bba6a36d	c5f2afe4ca4c8a615f53f811f1ec874d648aec533377b02652c36220def0c34d
formative:matching-features:mf-transport-policies	formative-route-bank	matching-features	Matching Features practice: transport policies	src/data/practica-exams/seo-catalog.ts	IELTS_MATCHING_FEATURES_PASSAGES[2]	mf-transport-policies	declared	/practica/ielts/reading/tipos-de-preguntas/matching-features	published-catalog-route		academic	inferred	inferred-from-academic-reading-route	passage-string	264	1	6	false	false	false	false	original-welearn-visible-claim	unknown-quarantined	structured-evidence-absent	quarantine	true	missing-author | missing-factual-sources | missing-or-invalid-rights-basis | missing-reviewer | module-not-declared-on-asset	aebd26a1aa6a9cdae60f7b0208c3f5f6c3138889f8aeb4f3ae15efbe888734de	2b101575e9c524ab47060bdd6266b6d46138502be62b5aea708672eeb226e7b4	7a97055dd29a50cccfbb5770196fec18d1ce83e2f2862d8696feb4a7454ad10c
formative:matching-features:mf-urban-farming	formative-route-bank	matching-features	Matching Features practice: urban farming projects	src/data/practica-exams/seo-catalog.ts	IELTS_MATCHING_FEATURES_PASSAGES[0]	mf-urban-farming	declared	/practica/ielts/reading/tipos-de-preguntas/matching-features	published-catalog-route		academic	inferred	inferred-from-academic-reading-route	passage-string	308	1	7	false	false	false	false	original-welearn-visible-claim	unknown-quarantined	structured-evidence-absent	quarantine	true	missing-author | missing-factual-sources | missing-or-invalid-rights-basis | missing-reviewer | module-not-declared-on-asset	aebd26a1aa6a9cdae60f7b0208c3f5f6c3138889f8aeb4f3ae15efbe888734de	94fcc6b7c50c8ab6d433890bf4d9b6e0155cb5519203d3e89aa70362346aa68d	1e68c035d63b1d06a2125a7d76e01448a3c72aba944886debd6c51070b81c732
formative:matching-headings:mh-night-trains	formative-route-bank	matching-headings	The return of night trains	src/data/practica-exams/seo-catalog.ts	IELTS_MATCHING_HEADINGS_PASSAGES[2]	mh-night-trains	declared	/practica/ielts/reading/tipos-de-preguntas/matching-headings	published-catalog-route		academic	inferred	inferred-from-academic-reading-route	paragraph-array	281	1	6	false	false	false	false	original-welearn-visible-claim	unknown-quarantined	structured-evidence-absent	quarantine	true	missing-author | missing-factual-sources | missing-or-invalid-rights-basis | missing-reviewer | module-not-declared-on-asset	aebd26a1aa6a9cdae60f7b0208c3f5f6c3138889f8aeb4f3ae15efbe888734de	6c77fe0e8e219f2cf1a674244d40f9a864e7c3d84e0300450dbb6d36a622e08d	9de7bd0fca923e7802643ea82fe2cb9df33be8c7ec49e1d263bfeb5416bf51d5
formative:matching-headings:mh-public-libraries	formative-route-bank	matching-headings	The changing role of public libraries	src/data/practica-exams/seo-catalog.ts	IELTS_MATCHING_HEADINGS_PASSAGES[0]	mh-public-libraries	declared	/practica/ielts/reading/tipos-de-preguntas/matching-headings	published-catalog-route		academic	inferred	inferred-from-academic-reading-route	paragraph-array	279	1	5	false	false	false	false	original-welearn-visible-claim	unknown-quarantined	structured-evidence-absent	quarantine	true	missing-author | missing-factual-sources | missing-or-invalid-rights-basis | missing-reviewer | module-not-declared-on-asset	aebd26a1aa6a9cdae60f7b0208c3f5f6c3138889f8aeb4f3ae15efbe888734de	9e99d0518d90a6a64fc622a49cc293a2966aa17ac59142685b0e8bdb266eb918	154235714df6aadc8ab55e581f91a23d68c656e0562bca3f21a7cef60c584599
formative:matching-headings:mh-urban-farming	formative-route-bank	matching-headings	Urban farming beyond fresh food	src/data/practica-exams/seo-catalog.ts	IELTS_MATCHING_HEADINGS_PASSAGES[1]	mh-urban-farming	declared	/practica/ielts/reading/tipos-de-preguntas/matching-headings	published-catalog-route		academic	inferred	inferred-from-academic-reading-route	paragraph-array	278	1	6	false	false	false	false	original-welearn-visible-claim	unknown-quarantined	structured-evidence-absent	quarantine	true	missing-author | missing-factual-sources | missing-or-invalid-rights-basis | missing-reviewer | module-not-declared-on-asset	aebd26a1aa6a9cdae60f7b0208c3f5f6c3138889f8aeb4f3ae15efbe888734de	d8505ea0480be939eade2759c1b8536201346219f6817e092f2c7712845564eb	8fba6af7425a0977dc77da138499a5116177082d96fbe62e3d24036d3d5de542
formative:matching-information:mi-city-noise	formative-route-bank	matching-information	How cities respond to noise	src/data/practica-exams/seo-catalog.ts	IELTS_MATCHING_INFORMATION_PASSAGES[0]	mi-city-noise	declared	/practica/ielts/reading/tipos-de-preguntas/matching-information	published-catalog-route		academic	inferred	inferred-from-academic-reading-route	paragraph-array	249	1	6	false	false	false	false	original-welearn-visible-claim	unknown-quarantined	structured-evidence-absent	quarantine	true	missing-author | missing-factual-sources | missing-or-invalid-rights-basis | missing-reviewer | module-not-declared-on-asset	aebd26a1aa6a9cdae60f7b0208c3f5f6c3138889f8aeb4f3ae15efbe888734de	4dedd37f4422d13c2d7f2e8ed948820849d92987cc5bdce84350ecee344ded62	0a8c8248e48bf5fb8c6c3ecef5dc501fe7ae279ded3671557b41f37be2938292
formative:matching-information:mi-coastal-restoration	formative-route-bank	matching-information	Restoring coastal wetlands	src/data/practica-exams/seo-catalog.ts	IELTS_MATCHING_INFORMATION_PASSAGES[2]	mi-coastal-restoration	declared	/practica/ielts/reading/tipos-de-preguntas/matching-information	published-catalog-route		academic	inferred	inferred-from-academic-reading-route	paragraph-array	234	1	6	false	false	false	false	original-welearn-visible-claim	unknown-quarantined	structured-evidence-absent	quarantine	true	missing-author | missing-factual-sources | missing-or-invalid-rights-basis | missing-reviewer | module-not-declared-on-asset	aebd26a1aa6a9cdae60f7b0208c3f5f6c3138889f8aeb4f3ae15efbe888734de	c2e06a4c723bfd321924f9e2961937b494280c8edd55ab9658e3775284b467d7	451bf6e4e43ced3aeb8e4f4a86c570a0f343b620df4cc9269097bc709cc9287c
formative:matching-information:mi-museum-lighting	formative-route-bank	matching-information	Lighting in modern museums	src/data/practica-exams/seo-catalog.ts	IELTS_MATCHING_INFORMATION_PASSAGES[1]	mi-museum-lighting	declared	/practica/ielts/reading/tipos-de-preguntas/matching-information	published-catalog-route		academic	inferred	inferred-from-academic-reading-route	paragraph-array	236	1	6	false	false	false	false	original-welearn-visible-claim	unknown-quarantined	structured-evidence-absent	quarantine	true	missing-author | missing-factual-sources | missing-or-invalid-rights-basis | missing-reviewer | module-not-declared-on-asset	aebd26a1aa6a9cdae60f7b0208c3f5f6c3138889f8aeb4f3ae15efbe888734de	f68ddab75ce213fcf42bb1b0f815138e25fad5218bedd135f74758d970b51280	a0fa743bf531cd9e031150861c119b04b0cdbc6ce212ab89a14c7002ac51daca
formative:matching-sentence-endings:mse-coastal-libraries	formative-route-bank	matching-sentence-endings	Matching Sentence Endings practice: coastal libraries	src/data/practica-exams/seo-catalog.ts	IELTS_MATCHING_SENTENCE_ENDINGS_PASSAGES[2]	mse-coastal-libraries	declared	/practica/ielts/reading/tipos-de-preguntas/matching-sentence-endings	published-catalog-route		academic	inferred	inferred-from-academic-reading-route	passage-string	242	1	6	false	false	false	false	original-welearn-visible-claim	unknown-quarantined	structured-evidence-absent	quarantine	true	missing-author | missing-factual-sources | missing-or-invalid-rights-basis | missing-reviewer | module-not-declared-on-asset	aebd26a1aa6a9cdae60f7b0208c3f5f6c3138889f8aeb4f3ae15efbe888734de	87e771a35de1ad2b132f30a3c61abaf60471fdd0636034d977376d6aed05ebad	9f24fb48812dcd3ae63a657867194010b5a4590ded28ad89e58c41f27ff803ee
formative:matching-sentence-endings:mse-food-waste	formative-route-bank	matching-sentence-endings	Matching Sentence Endings practice: reducing food waste	src/data/practica-exams/seo-catalog.ts	IELTS_MATCHING_SENTENCE_ENDINGS_PASSAGES[1]	mse-food-waste	declared	/practica/ielts/reading/tipos-de-preguntas/matching-sentence-endings	published-catalog-route		academic	inferred	inferred-from-academic-reading-route	passage-string	263	1	6	false	false	false	false	original-welearn-visible-claim	unknown-quarantined	structured-evidence-absent	quarantine	true	missing-author | missing-factual-sources | missing-or-invalid-rights-basis | missing-reviewer | module-not-declared-on-asset	aebd26a1aa6a9cdae60f7b0208c3f5f6c3138889f8aeb4f3ae15efbe888734de	1682b3ff5b6fac272eb80a77d5cecda5307d98d24a690c912f19a42afcc92aa4	857358942b12a30cf0e767aaf82fed497823dc8b6e70ea5ae798a68d6111d938
formative:matching-sentence-endings:mse-microclimates	formative-route-bank	matching-sentence-endings	Matching Sentence Endings practice: urban microclimates	src/data/practica-exams/seo-catalog.ts	IELTS_MATCHING_SENTENCE_ENDINGS_PASSAGES[0]	mse-microclimates	declared	/practica/ielts/reading/tipos-de-preguntas/matching-sentence-endings	published-catalog-route		academic	inferred	inferred-from-academic-reading-route	passage-string	274	1	6	false	false	false	false	original-welearn-visible-claim	unknown-quarantined	structured-evidence-absent	quarantine	true	missing-author | missing-factual-sources | missing-or-invalid-rights-basis | missing-reviewer | module-not-declared-on-asset	aebd26a1aa6a9cdae60f7b0208c3f5f6c3138889f8aeb4f3ae15efbe888734de	932ccefb0130c9fb9fa030f3eee1e21948efcb4da58ed537fde24049fae21f05	1bde29047cb9e967c5bbd2113365f2fd45d5c2a0aa94878a5c6bd40ea6ea1e8e
formative:multiple-choice:mc-digital-notes	formative-route-bank	multiple-choice	Digital notes and memory	src/data/practica-exams/seo-catalog.ts	IELTS_MULTIPLE_CHOICE_PASSAGES[2]	mc-digital-notes	declared	/practica/ielts/reading/tipos-de-preguntas/multiple-choice	published-catalog-route		academic	inferred	inferred-from-academic-reading-route	passage-string	246	1	6	false	false	false	false	original-welearn-visible-claim	unknown-quarantined	structured-evidence-absent	quarantine	true	missing-author | missing-factual-sources | missing-or-invalid-rights-basis | missing-reviewer | module-not-declared-on-asset	aebd26a1aa6a9cdae60f7b0208c3f5f6c3138889f8aeb4f3ae15efbe888734de	b3510e65794dae07e473b89839115fe272244cee0a7ab7deae3291375f0bda20	7f0a8cff97dbee095a78e83e1ae8fbdcb6b671e87b57cd9f52646a437496742d
formative:multiple-choice:mc-river-restoration	formative-route-bank	multiple-choice	River restoration in industrial towns	src/data/practica-exams/seo-catalog.ts	IELTS_MULTIPLE_CHOICE_PASSAGES[1]	mc-river-restoration	declared	/practica/ielts/reading/tipos-de-preguntas/multiple-choice	published-catalog-route		academic	inferred	inferred-from-academic-reading-route	passage-string	251	1	6	false	false	false	false	original-welearn-visible-claim	unknown-quarantined	structured-evidence-absent	quarantine	true	missing-author | missing-factual-sources | missing-or-invalid-rights-basis | missing-reviewer | module-not-declared-on-asset	aebd26a1aa6a9cdae60f7b0208c3f5f6c3138889f8aeb4f3ae15efbe888734de	f44a635695ddbd5da41b0867acb404cd557247e33c14679e462541b86f1b5469	3e16760822406856be93e5f821bc0409f91bf05007bb57908b6294b2b382d35e
formative:multiple-choice:mc-sleep-learning	formative-route-bank	multiple-choice	Sleep and learning	src/data/practica-exams/seo-catalog.ts	IELTS_MULTIPLE_CHOICE_PASSAGES[0]	mc-sleep-learning	declared	/practica/ielts/reading/tipos-de-preguntas/multiple-choice	published-catalog-route		academic	inferred	inferred-from-academic-reading-route	passage-string	233	1	6	false	false	false	false	original-welearn-visible-claim	unknown-quarantined	structured-evidence-absent	quarantine	true	missing-author | missing-factual-sources | missing-or-invalid-rights-basis | missing-reviewer | module-not-declared-on-asset	aebd26a1aa6a9cdae60f7b0208c3f5f6c3138889f8aeb4f3ae15efbe888734de	8070aae114aa34083b349fa810d547af6cf58d176df75f77e217681a83f4e91f	a7762787b2602930b5df81974ca2c5c658c3877c9a9843c0e25a4a90e11bc13c
formative:note-completion:note-mobile-libraries	formative-route-bank	note-completion	Mobile libraries and community reading	src/data/practica-exams/seo-catalog.ts	IELTS_NOTE_COMPLETION_PASSAGES[0]	note-mobile-libraries	declared	/practica/ielts/reading/tipos-de-preguntas/note-completion	published-catalog-route		academic	inferred	inferred-from-academic-reading-route	passage-string	232	1	6	false	false	false	false	original-welearn-visible-claim	unknown-quarantined	structured-evidence-absent	quarantine	true	missing-author | missing-factual-sources | missing-or-invalid-rights-basis | missing-reviewer | module-not-declared-on-asset	aebd26a1aa6a9cdae60f7b0208c3f5f6c3138889f8aeb4f3ae15efbe888734de	8d64253dbba9480da1cb9de4082bbf4c7bbee221fc17f748e9f9ddaeadb8ea3f	c22dfef22bc06bd72409d3952715faee8ade98a21f9a019384b0a3c46b6fb343
formative:note-completion:note-night-libraries	formative-route-bank	note-completion	Night study spaces in public libraries	src/data/practica-exams/seo-catalog.ts	IELTS_NOTE_COMPLETION_PASSAGES[2]	note-night-libraries	declared	/practica/ielts/reading/tipos-de-preguntas/note-completion	published-catalog-route		academic	inferred	inferred-from-academic-reading-route	passage-string	235	1	6	false	false	false	false	original-welearn-visible-claim	unknown-quarantined	structured-evidence-absent	quarantine	true	missing-author | missing-factual-sources | missing-or-invalid-rights-basis | missing-reviewer | module-not-declared-on-asset	aebd26a1aa6a9cdae60f7b0208c3f5f6c3138889f8aeb4f3ae15efbe888734de	e77d5edaaaefd183affe68194bf95ad7cd6696cdbecc1148b7281c46c8f46ccd	c7d601de88b071a6061fa7b20ebb292656934f2e1808f0a9d69809a1f16df218
formative:note-completion:note-seed-banks	formative-route-bank	note-completion	Community seed banks	src/data/practica-exams/seo-catalog.ts	IELTS_NOTE_COMPLETION_PASSAGES[1]	note-seed-banks	declared	/practica/ielts/reading/tipos-de-preguntas/note-completion	published-catalog-route		academic	inferred	inferred-from-academic-reading-route	passage-string	239	1	6	false	false	false	false	original-welearn-visible-claim	unknown-quarantined	structured-evidence-absent	quarantine	true	missing-author | missing-factual-sources | missing-or-invalid-rights-basis | missing-reviewer | module-not-declared-on-asset	aebd26a1aa6a9cdae60f7b0208c3f5f6c3138889f8aeb4f3ae15efbe888734de	f67761984beb116c7f80dbc9f8807b976a79dda2a2890fdc9b926c8815c438ff	e754e89bcb82bc8f9655028851c8696014be32fcbcd8007f6faf2b245ee38709
formative:sentence-completion:sentence-library-makerspaces	formative-route-bank	sentence-completion	Library makerspaces and practical learning	src/data/practica-exams/seo-catalog.ts	IELTS_SENTENCE_COMPLETION_PASSAGES[1]	sentence-library-makerspaces	declared	/practica/ielts/reading/tipos-de-preguntas/sentence-completion	published-catalog-route		academic	inferred	inferred-from-academic-reading-route	passage-string	203	1	6	false	false	false	false	original-welearn-visible-claim	unknown-quarantined	structured-evidence-absent	quarantine	true	missing-author | missing-factual-sources | missing-or-invalid-rights-basis | missing-reviewer | module-not-declared-on-asset	aebd26a1aa6a9cdae60f7b0208c3f5f6c3138889f8aeb4f3ae15efbe888734de	8f2b278d1b180a17a78f9aa3057364ebf3a8e401ff6b3b529ac109f8936da6bc	e13b68261fc5b2e3c3488ffbb2f920710954d7959d744d0deb24b572edd7b5db
formative:sentence-completion:sentence-night-markets	formative-route-bank	sentence-completion	Night markets and local economies	src/data/practica-exams/seo-catalog.ts	IELTS_SENTENCE_COMPLETION_PASSAGES[2]	sentence-night-markets	declared	/practica/ielts/reading/tipos-de-preguntas/sentence-completion	published-catalog-route		academic	inferred	inferred-from-academic-reading-route	passage-string	196	1	6	false	false	false	false	original-welearn-visible-claim	unknown-quarantined	structured-evidence-absent	quarantine	true	missing-author | missing-factual-sources | missing-or-invalid-rights-basis | missing-reviewer | module-not-declared-on-asset	aebd26a1aa6a9cdae60f7b0208c3f5f6c3138889f8aeb4f3ae15efbe888734de	b0434ae0c3ed919b06a0c256586f1753d299b260bbe5aa34c2813ed788622ff3	612893d0f0aabbd88a9b75699523b67530744c3402dfe051e0f4197d7657ff1c
formative:sentence-completion:sentence-wetland-parks	formative-route-bank	sentence-completion	Wetland parks and urban flood control	src/data/practica-exams/seo-catalog.ts	IELTS_SENTENCE_COMPLETION_PASSAGES[0]	sentence-wetland-parks	declared	/practica/ielts/reading/tipos-de-preguntas/sentence-completion	published-catalog-route		academic	inferred	inferred-from-academic-reading-route	passage-string	198	1	6	false	false	false	false	original-welearn-visible-claim	unknown-quarantined	structured-evidence-absent	quarantine	true	missing-author | missing-factual-sources | missing-or-invalid-rights-basis | missing-reviewer | module-not-declared-on-asset	aebd26a1aa6a9cdae60f7b0208c3f5f6c3138889f8aeb4f3ae15efbe888734de	42f7976e179acf1b8afec86285530ad9b5a5a26aba13ca89c7ad82c86bbf22db	f1f74d465074ba9570c9c4cbb381538a4b0f38c16251930c4d90f2126d14e1a8
formative:short-answer:short-answer-community-compost	formative-route-bank	short-answer	Community compost stations	src/data/practica-exams/seo-catalog.ts	IELTS_SHORT_ANSWER_PASSAGES[2]	short-answer-community-compost	declared	/practica/ielts/reading/tipos-de-preguntas/short-answer	published-catalog-route		academic	inferred	inferred-from-academic-reading-route	passage-string	218	1	6	false	false	false	false	original-welearn-visible-claim	unknown-quarantined	structured-evidence-absent	quarantine	true	missing-author | missing-factual-sources | missing-or-invalid-rights-basis | missing-reviewer | module-not-declared-on-asset	aebd26a1aa6a9cdae60f7b0208c3f5f6c3138889f8aeb4f3ae15efbe888734de	bab9a16f3b59d29d68f85b61e1f016e904f4872ed016237f5259234e403cd5ec	2b0328974e194c00bfa57918282357e56e9dc7e4b1789911f60e4d81d2fd9ff7
formative:short-answer:short-answer-floating-classrooms	formative-route-bank	short-answer	Floating classrooms in flood-prone regions	src/data/practica-exams/seo-catalog.ts	IELTS_SHORT_ANSWER_PASSAGES[1]	short-answer-floating-classrooms	declared	/practica/ielts/reading/tipos-de-preguntas/short-answer	published-catalog-route		academic	inferred	inferred-from-academic-reading-route	passage-string	216	1	6	false	false	false	false	original-welearn-visible-claim	unknown-quarantined	structured-evidence-absent	quarantine	true	missing-author | missing-factual-sources | missing-or-invalid-rights-basis | missing-reviewer | module-not-declared-on-asset	aebd26a1aa6a9cdae60f7b0208c3f5f6c3138889f8aeb4f3ae15efbe888734de	859ac699bde1516f93a5f04c0177553dbbd4875ac9949ab0fd818fdb260e2a1c	e634af7420c336c5f0c936efdd6c33d103dec127dda8a4c548baac4e38d4bcac
formative:short-answer:short-answer-night-markets	formative-route-bank	short-answer	Night markets and local economies	src/data/practica-exams/seo-catalog.ts	IELTS_SHORT_ANSWER_PASSAGES[0]	short-answer-night-markets	declared	/practica/ielts/reading/tipos-de-preguntas/short-answer	published-catalog-route		academic	inferred	inferred-from-academic-reading-route	passage-string	263	1	6	false	false	false	false	original-welearn-visible-claim	unknown-quarantined	structured-evidence-absent	quarantine	true	missing-author | missing-factual-sources | missing-or-invalid-rights-basis | missing-reviewer | module-not-declared-on-asset	aebd26a1aa6a9cdae60f7b0208c3f5f6c3138889f8aeb4f3ae15efbe888734de	e60711bd9df19e4840934d7178ec115e5ce434206fa527472683bb0637ec324a	e790d28ed5e9d089f9dd4b11c2699eb5073b23a1728b96cf0084f7c49eb28fb7
formative:summary-completion:summary-repair-cafes	formative-route-bank	summary-completion	Community repair cafes	src/data/practica-exams/seo-catalog.ts	IELTS_SUMMARY_COMPLETION_PASSAGES[1]	summary-repair-cafes	declared	/practica/ielts/reading/tipos-de-preguntas/summary-completion	published-catalog-route		academic	inferred	inferred-from-academic-reading-route	passage-string	253	1	6	false	false	false	false	original-welearn-visible-claim	unknown-quarantined	structured-evidence-absent	quarantine	true	missing-author | missing-factual-sources | missing-or-invalid-rights-basis | missing-reviewer | module-not-declared-on-asset	aebd26a1aa6a9cdae60f7b0208c3f5f6c3138889f8aeb4f3ae15efbe888734de	1d4de4d085159c2cb86336bc9f7277d39f26e1ab4d5ff3a4eac0c4a5ff03f2c4	d335aea3d71ba26b7fa484f697a5b73b9bc4745937ca0d8dd60c18582f88e4ca
formative:summary-completion:summary-shade-mapping	formative-route-bank	summary-completion	Mapping shade in hot cities	src/data/practica-exams/seo-catalog.ts	IELTS_SUMMARY_COMPLETION_PASSAGES[2]	summary-shade-mapping	declared	/practica/ielts/reading/tipos-de-preguntas/summary-completion	published-catalog-route		academic	inferred	inferred-from-academic-reading-route	passage-string	242	1	6	false	false	false	false	original-welearn-visible-claim	unknown-quarantined	structured-evidence-absent	quarantine	true	missing-author | missing-factual-sources | missing-or-invalid-rights-basis | missing-reviewer | module-not-declared-on-asset	aebd26a1aa6a9cdae60f7b0208c3f5f6c3138889f8aeb4f3ae15efbe888734de	1321f00ec9e13f803a18a8582c40aad5398dd1ea73dd04eb552d6a1eec5e0230	663aa18c9170a448f562bcfe4d3b10d70494198020800995dd978dfc07a97307
formative:summary-completion:summary-urban-farms	formative-route-bank	summary-completion	Rooftop farms in modern cities	src/data/practica-exams/seo-catalog.ts	IELTS_SUMMARY_COMPLETION_PASSAGES[0]	summary-urban-farms	declared	/practica/ielts/reading/tipos-de-preguntas/summary-completion	published-catalog-route		academic	inferred	inferred-from-academic-reading-route	passage-string	228	1	6	false	false	false	false	original-welearn-visible-claim	unknown-quarantined	structured-evidence-absent	quarantine	true	missing-author | missing-factual-sources | missing-or-invalid-rights-basis | missing-reviewer | module-not-declared-on-asset	aebd26a1aa6a9cdae60f7b0208c3f5f6c3138889f8aeb4f3ae15efbe888734de	f10464976342bfef4607a46ba77d611310ffd7cabeae7c9949bd78a100d93640	71854aeab48ed3c297f05b2c6c5f3ce081c4febe7e8799d61ece40364f84e80e
formative:table-completion:table-cooling-buildings	formative-route-bank	table-completion	Passive cooling in public buildings	src/data/practica-exams/seo-catalog.ts	IELTS_TABLE_COMPLETION_PASSAGES[0]	table-cooling-buildings	declared	/practica/ielts/reading/tipos-de-preguntas/table-completion	published-catalog-route		academic	inferred	inferred-from-academic-reading-route	passage-string	267	1	6	false	false	false	false	original-welearn-visible-claim	unknown-quarantined	structured-evidence-absent	quarantine	true	missing-author | missing-factual-sources | missing-or-invalid-rights-basis | missing-reviewer | module-not-declared-on-asset	aebd26a1aa6a9cdae60f7b0208c3f5f6c3138889f8aeb4f3ae15efbe888734de	bbf741fdf9e92620e9491e0b4197558aefe99b2c12b9a6cf11e94da8330518bd	4855b6c5fc0b048304b1746b7423c1973b3ef548176673ccbde2641d513e946c
formative:table-completion:table-museum-inventory	formative-route-bank	table-completion	Digitising small museum collections	src/data/practica-exams/seo-catalog.ts	IELTS_TABLE_COMPLETION_PASSAGES[2]	table-museum-inventory	declared	/practica/ielts/reading/tipos-de-preguntas/table-completion	published-catalog-route		academic	inferred	inferred-from-academic-reading-route	passage-string	214	1	6	false	false	false	false	original-welearn-visible-claim	unknown-quarantined	structured-evidence-absent	quarantine	true	missing-author | missing-factual-sources | missing-or-invalid-rights-basis | missing-reviewer | module-not-declared-on-asset	aebd26a1aa6a9cdae60f7b0208c3f5f6c3138889f8aeb4f3ae15efbe888734de	c7641b80b191b3bedd29a75df19bd1c39174b467e58947a817718d2d0b3fd069	f21af1a1f11c1f8b5d70b6f73b3f0113ee76d41de8e39dbe9914570b9e096e69
formative:table-completion:table-rain-gardens	formative-route-bank	table-completion	Rain gardens in school grounds	src/data/practica-exams/seo-catalog.ts	IELTS_TABLE_COMPLETION_PASSAGES[1]	table-rain-gardens	declared	/practica/ielts/reading/tipos-de-preguntas/table-completion	published-catalog-route		academic	inferred	inferred-from-academic-reading-route	passage-string	223	1	6	false	false	false	false	original-welearn-visible-claim	unknown-quarantined	structured-evidence-absent	quarantine	true	missing-author | missing-factual-sources | missing-or-invalid-rights-basis | missing-reviewer | module-not-declared-on-asset	aebd26a1aa6a9cdae60f7b0208c3f5f6c3138889f8aeb4f3ae15efbe888734de	23e079b4c30603c96b2ed16bd1f68f52ffc6850d5b780d3af8e29bd5047a70b9	b1dd317e09c2ef80e152284263acdb390ca86494e33a95d9dfc425c658ee140f
formative:true-false-not-given:tfng-set-coastal-paths	formative-route-bank	true-false-not-given	Set 3: causa, secuencia y límites de información	src/data/practica-exams/seo-catalog.ts	IELTS_TFNG_PRACTICE_SETS[2]	tfng-set-coastal-paths	declared	/practica/ielts/reading/tipos-de-preguntas/true-false-not-given	published-catalog-route		academic	inferred	inferred-from-academic-reading-route	passage-string	183	1	6	false	false	false	false	original-welearn-visible-claim	unknown-quarantined	structured-evidence-absent	quarantine	true	missing-author | missing-factual-sources | missing-or-invalid-rights-basis | missing-reviewer | module-not-declared-on-asset	aebd26a1aa6a9cdae60f7b0208c3f5f6c3138889f8aeb4f3ae15efbe888734de	8e528d9d0e9f0dc1cef8a003cd96b76bdd0100c935e47cbb9da140c130cc5bd7	35e904d378e8e819049cf1d026b9b1e83dc45e1d164f8e15e91ebfb5a2f9b225
formative:true-false-not-given:tfng-set-school-libraries	formative-route-bank	true-false-not-given	Set 2: información relacionada vs evidencia exacta	src/data/practica-exams/seo-catalog.ts	IELTS_TFNG_PRACTICE_SETS[1]	tfng-set-school-libraries	declared	/practica/ielts/reading/tipos-de-preguntas/true-false-not-given	published-catalog-route		academic	inferred	inferred-from-academic-reading-route	passage-string	187	1	6	false	false	false	false	original-welearn-visible-claim	unknown-quarantined	structured-evidence-absent	quarantine	true	missing-author | missing-factual-sources | missing-or-invalid-rights-basis | missing-reviewer | module-not-declared-on-asset	aebd26a1aa6a9cdae60f7b0208c3f5f6c3138889f8aeb4f3ae15efbe888734de	d672bb4a7732a959ba7a304993e935bf0f64a25465eda44286778ccd2f6d9878	45db7a8749e7ee355f8125c26c76d91faa5e8c67c213d03a194306cf91fab344
formative:true-false-not-given:tfng-set-urban-trees	formative-route-bank	true-false-not-given	Set 1: alcance y cuantificadores	src/data/practica-exams/seo-catalog.ts	IELTS_TFNG_PRACTICE_SETS[0]	tfng-set-urban-trees	declared	/practica/ielts/reading/tipos-de-preguntas/true-false-not-given	published-catalog-route		academic	inferred	inferred-from-academic-reading-route	passage-string	142	1	10	false	false	false	false	original-welearn-visible-claim	unknown-quarantined	structured-evidence-absent	quarantine	true	missing-author | missing-factual-sources | missing-or-invalid-rights-basis | missing-reviewer | module-not-declared-on-asset	aebd26a1aa6a9cdae60f7b0208c3f5f6c3138889f8aeb4f3ae15efbe888734de	a9218541f32e3423ae4cedfad35784679f481e7f281ad79a50fa005d11b0e214	91f3be3364e010290f0af8d4b1d07a655fa7ea5e710576b6f0a92128e2fd40a4
formative:yes-no-not-given:ynng-remote-work	formative-route-bank	yes-no-not-given	Yes/No/Not Given practice: remote work and city centres	src/data/practica-exams/seo-catalog.ts	IELTS_YNNG_PRACTICE_SETS[1]	ynng-remote-work	declared	/practica/ielts/reading/tipos-de-preguntas/yes-no-not-given	published-catalog-route		academic	inferred	inferred-from-academic-reading-route	passage-string	279	1	7	false	false	false	false	original-welearn-visible-claim	unknown-quarantined	structured-evidence-absent	quarantine	true	missing-author | missing-factual-sources | missing-or-invalid-rights-basis | missing-reviewer | module-not-declared-on-asset	aebd26a1aa6a9cdae60f7b0208c3f5f6c3138889f8aeb4f3ae15efbe888734de	5a21449c9d3e9dd7e93d30a3c216d088f89c1fbd011439067aa45827d41ec772	0a88ab17c6741765c43344c80b3543e4add8309cefea1c7ebc674d1364795a78
formative:yes-no-not-given:ynng-school-uniforms	formative-route-bank	yes-no-not-given	Yes/No/Not Given practice: school uniforms and identity	src/data/practica-exams/seo-catalog.ts	IELTS_YNNG_PRACTICE_SETS[2]	ynng-school-uniforms	declared	/practica/ielts/reading/tipos-de-preguntas/yes-no-not-given	published-catalog-route		academic	inferred	inferred-from-academic-reading-route	passage-string	263	1	7	false	false	false	false	original-welearn-visible-claim	unknown-quarantined	structured-evidence-absent	quarantine	true	missing-author | missing-factual-sources | missing-or-invalid-rights-basis | missing-reviewer | module-not-declared-on-asset	aebd26a1aa6a9cdae60f7b0208c3f5f6c3138889f8aeb4f3ae15efbe888734de	2ad9bf267d022a21725a714a100c3956bda28932183daf210400fce5cddccf0a	21d4fa469e99313439dc5ac41a8fd28683d70d058314be4be57376be11e8cdee
formative:yes-no-not-given:ynng-station-art	formative-route-bank	yes-no-not-given	Yes/No/Not Given practice: public art in transport stations	src/data/practica-exams/seo-catalog.ts	IELTS_YNNG_PRACTICE_SETS[0]	ynng-station-art	declared	/practica/ielts/reading/tipos-de-preguntas/yes-no-not-given	published-catalog-route		academic	inferred	inferred-from-academic-reading-route	passage-string	255	1	8	false	false	false	false	original-welearn-visible-claim	unknown-quarantined	structured-evidence-absent	quarantine	true	missing-author | missing-factual-sources | missing-or-invalid-rights-basis | missing-reviewer | module-not-declared-on-asset	aebd26a1aa6a9cdae60f7b0208c3f5f6c3138889f8aeb4f3ae15efbe888734de	1fe59c7e1fad1d831a4fa08a7dfa302d7b1bd37005884bf77ce1b9b379abf680	13d655a77274b4fa20bbc39e558395d3db455f46043ff23ca2e122b2bb237f0a
learning:inference:inference-community-libraries	learning-skill-bank	inference	Community libraries and quiet policy	src/data/practica-exams/seo-catalog.ts	IELTS_INFERENCE_PRACTICE_SETS[0]	inference-community-libraries	declared	/practica/ielts/reading/habilidades/inferencia	published-catalog-route		academic	inferred	inferred-from-academic-reading-route	passage-string	221	1	5	false	false	false	false	original-welearn-visible-claim	unknown-quarantined	structured-evidence-absent	quarantine	true	missing-author | missing-factual-sources | missing-or-invalid-rights-basis | missing-reviewer | module-not-declared-on-asset	aebd26a1aa6a9cdae60f7b0208c3f5f6c3138889f8aeb4f3ae15efbe888734de	dc51341ba5030b900c510b31305161a8a9126d666466f4da4e0dd84b5492ea43	9d85b379b01f8728ab4d51daa2dcac0141ff17aaf383f6f906af7d269315dd1b
learning:inference:inference-hillside-farms	learning-skill-bank	inference	Hillside farms and water sharing	src/data/practica-exams/seo-catalog.ts	IELTS_INFERENCE_PRACTICE_SETS[1]	inference-hillside-farms	declared	/practica/ielts/reading/habilidades/inferencia	published-catalog-route		academic	inferred	inferred-from-academic-reading-route	passage-string	237	1	5	false	false	false	false	original-welearn-visible-claim	unknown-quarantined	structured-evidence-absent	quarantine	true	missing-author | missing-factual-sources | missing-or-invalid-rights-basis | missing-reviewer | module-not-declared-on-asset	aebd26a1aa6a9cdae60f7b0208c3f5f6c3138889f8aeb4f3ae15efbe888734de	5f2f8f7dd34ee78d85f13e755ec6353baa3f9ca1fd538c1a3b61ee2a37f608f6	90d8fa07c04602df61b639c1e41786d78bd9a8b39441ad69cea023b85ad9b299
learning:mixed:ielts-mixed-campus-water	learning-skill-bank	mixed	Set mixto 1: elegir el formato antes de resolver	src/data/practica-exams/seo-catalog.ts	IELTS_READING_MIXED_QUESTION_TYPE_SETS[0]	ielts-mixed-campus-water	declared	/practica/ielts/reading/tipos-de-preguntas	published-catalog-route		academic	inferred	inferred-from-academic-reading-route	passage-array	126	1	4	false	false	false	false	original-welearn-visible-claim	unknown-quarantined	structured-evidence-absent	quarantine	true	missing-author | missing-factual-sources | missing-or-invalid-rights-basis | missing-reviewer | module-not-declared-on-asset	aebd26a1aa6a9cdae60f7b0208c3f5f6c3138889f8aeb4f3ae15efbe888734de	0c5639bcda4fe80b3c70a91dcdf8bf94cdde6d678bba5a0cc439b051e2b670fc	de97f5224cebfc0ebc2aeba43ef7232be70b067ffc00ac813a86d40d90051ade
learning:mixed:ielts-mixed-museum-audio	learning-skill-bank	mixed	Set mixto 2: separar detalle, opinión y matching	src/data/practica-exams/seo-catalog.ts	IELTS_READING_MIXED_QUESTION_TYPE_SETS[1]	ielts-mixed-museum-audio	declared	/practica/ielts/reading/tipos-de-preguntas	published-catalog-route		academic	inferred	inferred-from-academic-reading-route	passage-array	123	1	4	false	false	false	false	original-welearn-visible-claim	unknown-quarantined	structured-evidence-absent	quarantine	true	missing-author | missing-factual-sources | missing-or-invalid-rights-basis | missing-reviewer | module-not-declared-on-asset	aebd26a1aa6a9cdae60f7b0208c3f5f6c3138889f8aeb4f3ae15efbe888734de	1828318c71cab8680c575cace8b49cde071fa96940ed685196ab0f665b2cb1ac	43e62136c4f68d73978cc235d290646a02a3cfd03679f14ca7d9b5d0525b5fdc
learning:mixed:ielts-mixed-urban-farming	learning-skill-bank	mixed	Set mixto 3: completion, diagramas y finales de oración	src/data/practica-exams/seo-catalog.ts	IELTS_READING_MIXED_QUESTION_TYPE_SETS[2]	ielts-mixed-urban-farming	declared	/practica/ielts/reading/tipos-de-preguntas	published-catalog-route		academic	inferred	inferred-from-academic-reading-route	passage-array	112	1	4	false	false	false	false	original-welearn-visible-claim	unknown-quarantined	structured-evidence-absent	quarantine	true	missing-author | missing-factual-sources | missing-or-invalid-rights-basis | missing-reviewer | module-not-declared-on-asset	aebd26a1aa6a9cdae60f7b0208c3f5f6c3138889f8aeb4f3ae15efbe888734de	836d975ac2ca16cfffee1a3d8b6520c33f4cbf8fc4c92fd610cd9bcce8d340b4	9575f6ed20ac567e0029b3c27d8a80605ca60eae0ca3318a902ea339c92ac6fd
learning:paraphrase:paraphrase-coastal-libraries	learning-skill-bank	paraphrase	Paraphrase check: coastal libraries	src/data/practica-exams/seo-catalog.ts	IELTS_PARAPHRASE_PRACTICE_SETS[1]	paraphrase-coastal-libraries	declared	/practica/ielts/reading/habilidades/parafrasis	published-catalog-route		academic	inferred	inferred-from-academic-reading-route	task-set-without-full-passage		1	6	false	false	false	false	original-welearn-visible-claim	unknown-quarantined	structured-evidence-absent	quarantine	true	missing-author | missing-factual-sources | missing-or-invalid-rights-basis | missing-reviewer | module-not-declared-on-asset	aebd26a1aa6a9cdae60f7b0208c3f5f6c3138889f8aeb4f3ae15efbe888734de	26e5d2e4e3568f7c4f8be44d847bf24ec2b70d94516385dea17976669c666379	
learning:paraphrase:paraphrase-urban-food-markets	learning-skill-bank	paraphrase	Paraphrase check: urban food markets	src/data/practica-exams/seo-catalog.ts	IELTS_PARAPHRASE_PRACTICE_SETS[0]	paraphrase-urban-food-markets	declared	/practica/ielts/reading/habilidades/parafrasis	published-catalog-route		academic	inferred	inferred-from-academic-reading-route	task-set-without-full-passage		1	6	false	false	false	false	original-welearn-visible-claim	unknown-quarantined	structured-evidence-absent	quarantine	true	missing-author | missing-factual-sources | missing-or-invalid-rights-basis | missing-reviewer | module-not-declared-on-asset	aebd26a1aa6a9cdae60f7b0208c3f5f6c3138889f8aeb4f3ae15efbe888734de	373a85d775f2e60da9f17f93364a31172e41f9574a999723b7f1fe309360be89	
learning:scanning:scanning-river-restoration	learning-skill-bank	scanning	River restoration in old industrial districts	src/data/practica-exams/seo-catalog.ts	IELTS_SCANNING_PRACTICE[0]	scanning-river-restoration	declared	/practica/ielts/reading/habilidades/scanning	published-catalog-route		academic	inferred	inferred-from-academic-reading-route	passage-string	229	1	6	false	false	false	false	original-welearn-visible-claim	unknown-quarantined	structured-evidence-absent	quarantine	true	missing-author | missing-factual-sources | missing-or-invalid-rights-basis | missing-reviewer | module-not-declared-on-asset	aebd26a1aa6a9cdae60f7b0208c3f5f6c3138889f8aeb4f3ae15efbe888734de	c0e4476cace6f58cb71f47e54b45ab23d671cd44bf12e914ad5826c842a27b71	e6089b3d99f6e1f1959b97ab375ced4f94b6dc0bd5dbab9bfe485e707bcd21f1
learning:skim-scan-transfer:skim-scan-campus-sleep	learning-skill-bank	skim-scan-transfer	Mapa rapido y señales escondidas	src/data/practica-exams/seo-catalog.ts	IELTS_SKIM_SCAN_TRANSFER_SETS[3]	skim-scan-campus-sleep	declared	/practica/ielts/reading/habilidades/skimming | /practica/ielts/reading/habilidades/scanning	published-catalog-route		academic	inferred	inferred-from-academic-reading-route	passage-array	191	1	4	false	false	false	false	original-welearn-visible-claim	unknown-quarantined	structured-evidence-absent	quarantine	true	missing-author | missing-factual-sources | missing-or-invalid-rights-basis | missing-reviewer | module-not-declared-on-asset	aebd26a1aa6a9cdae60f7b0208c3f5f6c3138889f8aeb4f3ae15efbe888734de	b7b156e35e836d86d543bfa1025a17f04322a2a4aac01af4540dd9d1691d41f9	be00bd30f90bec2818ddbb04cca0fc49e1b5ee81496202dfd4d01ff152d16a24
learning:skim-scan-transfer:skim-scan-community-cooling	learning-skill-bank	skim-scan-transfer	Del mapa general a la evidencia exacta	src/data/practica-exams/seo-catalog.ts	IELTS_SKIM_SCAN_TRANSFER_SETS[0]	skim-scan-community-cooling	declared	/practica/ielts/reading/habilidades/skimming | /practica/ielts/reading/habilidades/scanning	published-catalog-route		academic	inferred	inferred-from-academic-reading-route	passage-array	187	1	4	false	false	false	false	original-welearn-visible-claim	unknown-quarantined	structured-evidence-absent	quarantine	true	missing-author | missing-factual-sources | missing-or-invalid-rights-basis | missing-reviewer | module-not-declared-on-asset	aebd26a1aa6a9cdae60f7b0208c3f5f6c3138889f8aeb4f3ae15efbe888734de	4aad2797165d765bb1931135b25e3a0f2e0785cf38cb422b222c1f6a02071a8d	a08d759dbe5696228ea86e6e49686db878298dcd9024364c32aa5b559df8cc8c
learning:skim-scan-transfer:skim-scan-museum-labels	learning-skill-bank	skim-scan-transfer	Decidir primero, buscar después	src/data/practica-exams/seo-catalog.ts	IELTS_SKIM_SCAN_TRANSFER_SETS[1]	skim-scan-museum-labels	declared	/practica/ielts/reading/habilidades/skimming | /practica/ielts/reading/habilidades/scanning	published-catalog-route		academic	inferred	inferred-from-academic-reading-route	passage-array	211	1	4	false	false	false	false	original-welearn-visible-claim	unknown-quarantined	structured-evidence-absent	quarantine	true	missing-author | missing-factual-sources | missing-or-invalid-rights-basis | missing-reviewer | module-not-declared-on-asset	aebd26a1aa6a9cdae60f7b0208c3f5f6c3138889f8aeb4f3ae15efbe888734de	f09254e6d4bfe6764e5dc4c5fcc7e343b1d2400e645d61193a37053b0047bced	3a9183f1be7b2e377693d6cfe2a2e26ca4691ab956ab053fb7830248c4d2a731
learning:skim-scan-transfer:skim-scan-river-restoration	learning-skill-bank	skim-scan-transfer	Del propósito del párrafo al dato técnico	src/data/practica-exams/seo-catalog.ts	IELTS_SKIM_SCAN_TRANSFER_SETS[2]	skim-scan-river-restoration	declared	/practica/ielts/reading/habilidades/skimming | /practica/ielts/reading/habilidades/scanning	published-catalog-route		academic	inferred	inferred-from-academic-reading-route	passage-array	205	1	4	false	false	false	false	original-welearn-visible-claim	unknown-quarantined	structured-evidence-absent	quarantine	true	missing-author | missing-factual-sources | missing-or-invalid-rights-basis | missing-reviewer | module-not-declared-on-asset	aebd26a1aa6a9cdae60f7b0208c3f5f6c3138889f8aeb4f3ae15efbe888734de	e834956c95cd548d2561da235cee9475806f3d056674348ccebf5fdb64e43b11	f463bbaafc0e41c0b26cf62480a5970f7b9542efbe8376d463fb7d3f33f57ca8
learning:skimming:skimming-urban-trees	learning-skill-bank	skimming	Urban trees and public health	src/data/practica-exams/seo-catalog.ts	IELTS_SKIMMING_PRACTICE[0]	skimming-urban-trees	declared	/practica/ielts/reading/habilidades/skimming	published-catalog-route		academic	inferred	inferred-from-academic-reading-route	passage-string	142	1	4	false	false	false	false	original-welearn-visible-claim	unknown-quarantined	structured-evidence-absent	quarantine	true	missing-author | missing-factual-sources | missing-or-invalid-rights-basis | missing-reviewer | module-not-declared-on-asset	aebd26a1aa6a9cdae60f7b0208c3f5f6c3138889f8aeb4f3ae15efbe888734de	b9a619a742c0a12bf03608ab8e51809e88cb56ec7ff9b02dc0d8cb784048c670	91f3be3364e010290f0af8d4b1d07a655fa7ea5e710576b6f0a92128e2fd40a4
learning:time-management:time-management-library-renovation	learning-skill-bank	time-management	Triage de tiempo: biblioteca renovada	src/data/practica-exams/seo-catalog.ts	IELTS_TIME_MANAGEMENT_PRACTICE_SETS[1]	time-management-library-renovation	declared	/practica/ielts/reading/habilidades/gestion-del-tiempo	published-catalog-route		academic	inferred	inferred-from-academic-reading-route	passage-map-without-full-text		1	6	false	false	false	false	original-welearn-visible-claim	unknown-quarantined	structured-evidence-absent	quarantine	true	missing-author | missing-factual-sources | missing-or-invalid-rights-basis | missing-reviewer | module-not-declared-on-asset	aebd26a1aa6a9cdae60f7b0208c3f5f6c3138889f8aeb4f3ae15efbe888734de	a718cb58f588562380580fd8046c37fd3b9c9a9f3a3581c8d6920c499b7e5f07	
learning:time-management:time-management-reading-triage	learning-skill-bank	time-management	Triage de tiempo: museo costero	src/data/practica-exams/seo-catalog.ts	IELTS_TIME_MANAGEMENT_PRACTICE_SETS[0]	time-management-reading-triage	declared	/practica/ielts/reading/habilidades/gestion-del-tiempo	published-catalog-route		academic	inferred	inferred-from-academic-reading-route	passage-map-without-full-text		1	6	false	false	false	false	original-welearn-visible-claim	unknown-quarantined	structured-evidence-absent	quarantine	true	missing-author | missing-factual-sources | missing-or-invalid-rights-basis | missing-reviewer | module-not-declared-on-asset	aebd26a1aa6a9cdae60f7b0208c3f5f6c3138889f8aeb4f3ae15efbe888734de	7a49c38b7d6f64bccaa481b8a3c0094fd34d814ecf026bc13cb3ccfbe5f77d54	
learning:word-limit:word-limit-community-workshop	learning-skill-bank	word-limit	Completion check: community repair workshop	src/data/practica-exams/seo-catalog.ts	IELTS_WORD_LIMIT_PRACTICE_SETS[1]	word-limit-community-workshop	declared	/practica/ielts/reading/habilidades/limite-de-palabras	published-catalog-route		academic	inferred	inferred-from-academic-reading-route	passage-string	146	1	6	false	false	false	false	original-welearn-visible-claim	unknown-quarantined	structured-evidence-absent	quarantine	true	missing-author | missing-factual-sources | missing-or-invalid-rights-basis | missing-reviewer | module-not-declared-on-asset	aebd26a1aa6a9cdae60f7b0208c3f5f6c3138889f8aeb4f3ae15efbe888734de	242a1df661630ed200d570998637fafd92dff0ab1869e9157631aba19d3c4189	09ce87b0d11dbb9dedc453e54d37a5abd529a1514a2158edc7526f85e46d5bf7
learning:word-limit:word-limit-rooftop-gardens	learning-skill-bank	word-limit	Completion check: rooftop gardens	src/data/practica-exams/seo-catalog.ts	IELTS_WORD_LIMIT_PRACTICE_SETS[0]	word-limit-rooftop-gardens	declared	/practica/ielts/reading/habilidades/limite-de-palabras	published-catalog-route		academic	inferred	inferred-from-academic-reading-route	passage-string	144	1	6	false	false	false	false	original-welearn-visible-claim	unknown-quarantined	structured-evidence-absent	quarantine	true	missing-author | missing-factual-sources | missing-or-invalid-rights-basis | missing-reviewer | module-not-declared-on-asset	aebd26a1aa6a9cdae60f7b0208c3f5f6c3138889f8aeb4f3ae15efbe888734de	22ef014fb7c560b1924911093024109ec4abc7e54ae8bfaa30687a5ddc4b19be	8b078a48f12e8043e5620b91108db7319b5286ab0b1eda39d73feb36438be17e
legacy:reading-hub:amazon-tfng	legacy-hub-exercise	true-false-not-given	True / False / Not Given — Amazon rainforest	src/app/(site)/practica/ielts/reading/Content.tsx	PASSAGE + STATEMENTS		inventory-synthetic	/practica/ielts/reading	published-reading-hub			missing-or-ambiguous	missing-or-ambiguous	passage-string	122	1	8	false	false	false	false	real-passage-visible-claim	unknown-quarantined	structured-evidence-absent	quarantine	true	missing-author | missing-factual-sources | missing-or-invalid-rights-basis | missing-reviewer | module-not-declared-on-asset	8fb7301cc5709fa8bc9eda02fcc6230dc60eeae719ee6af3c74a296e393ee400	a21d24ae4a7a7bd262ff67411527d3cd54346165ffa8fdd97aa66477679771d2	c86ccf473da055194299e5b699d12251ce099a525e4fda89a0ac1cdb36df4ebd
mock:set-1:reading-part-5	legacy-mock-section	mixed-full-passage	Reading Passage 1: Bakelite	src/data/mocks/ielts-set-1.ts	default.sections[reading:0]		inventory-synthetic	/examenes/ielts/practica/set-1	registered-public-mock-route		academic	inferred	inferred-from-parent-mock-title	passage-string	846	6	13	false	false	false	false	none-observed	unknown-quarantined	structured-evidence-absent	quarantine	true	missing-author | missing-factual-sources | missing-or-invalid-rights-basis | missing-reviewer | module-not-declared-on-asset	093c9b9ff1b5d31e8f7b96bcf0907b36a4d721b84162f70c777bf2c0c145bffd	51bfb1a6a110ed1cb09211aab48d533026c6d87992de3a6c45bff267e5ecdb56	f1800a80933cf687f5fd27c9f7176c9db92a8128783b87b6c17c44a3a8f6199e
mock:set-1:reading-part-6	legacy-mock-section	mixed-full-passage	Reading Passage 2: What's so funny?	src/data/mocks/ielts-set-1.ts	default.sections[reading:1]		inventory-synthetic	/examenes/ielts/practica/set-1	registered-public-mock-route		academic	inferred	inferred-from-parent-mock-title	passage-string	867	9	14	false	false	false	false	none-observed	unknown-quarantined	structured-evidence-absent	quarantine	true	missing-author | missing-factual-sources | missing-or-invalid-rights-basis | missing-reviewer | module-not-declared-on-asset	093c9b9ff1b5d31e8f7b96bcf0907b36a4d721b84162f70c777bf2c0c145bffd	df93c358fb8c79c806d5537f5d8cd99379e5815f90433d4c158f0015e799a2a8	2de952fc362533e1c006d05737840c99eea546079f78f1f87f51beb9b8f3684f
mock:set-1:reading-part-7	legacy-mock-section	mixed-full-passage	Reading Passage 3: The Birth of Scientific English	src/data/mocks/ielts-set-1.ts	default.sections[reading:2]		inventory-synthetic	/examenes/ielts/practica/set-1	registered-public-mock-route		academic	inferred	inferred-from-parent-mock-title	passage-string	905	5	13	false	false	false	false	none-observed	unknown-quarantined	structured-evidence-absent	quarantine	true	missing-author | missing-factual-sources | missing-or-invalid-rights-basis | missing-reviewer | module-not-declared-on-asset	093c9b9ff1b5d31e8f7b96bcf0907b36a4d721b84162f70c777bf2c0c145bffd	cbcff7fc3583ddb6bbccd3828f361f3ed6ce094f1b7352eb3c8e53b5ceb9cf97	abc4c678cfe569e824db64cb821daf4c49b01c775175dac0162c9db51a5019bc
mock:set-10:reading-part-5	legacy-mock-section	mixed-full-passage	Reading — Passage 1: Microplastics in the Ocean	src/data/mocks/ielts-set-10.ts	default.sections[reading:0]		inventory-synthetic	/examenes/ielts/practica/set-10	registered-public-mock-route		academic	inferred	inferred-from-parent-mock-title	passage-string	449	2	13	false	false	false	false	none-observed	unknown-quarantined	structured-evidence-absent	quarantine	true	missing-author | missing-factual-sources | missing-or-invalid-rights-basis | missing-reviewer | module-not-declared-on-asset	a5152cf8573cc608f068d5c687b3b127636f4fa92b7ce20b773e1b52a6317dac	9948d5f1b78162d22dbf8e7b01a0add73346494a0c9ea549e8b35eb9596eb19c	72ddd63ad5cb126078ffcc4decce634d8c8db155c784f6a88c85cee8a26d3c90
mock:set-10:reading-part-6	legacy-mock-section	mixed-full-passage	Reading — Passage 2: The Sharing Economy	src/data/mocks/ielts-set-10.ts	default.sections[reading:1]		inventory-synthetic	/examenes/ielts/practica/set-10	registered-public-mock-route		academic	inferred	inferred-from-parent-mock-title	passage-string	542	2	13	false	false	false	false	none-observed	unknown-quarantined	structured-evidence-absent	quarantine	true	missing-author | missing-factual-sources | missing-or-invalid-rights-basis | missing-reviewer | module-not-declared-on-asset	a5152cf8573cc608f068d5c687b3b127636f4fa92b7ce20b773e1b52a6317dac	e99150da18c012854cd4e5e91a520f5c680c44326919fd9f78792df8c48683cf	06ca3ffd003f950e50e6c5ca2138115dc32ee5ffe30aa56603a4a764213d155f
mock:set-10:reading-part-7	legacy-mock-section	mixed-full-passage	Reading — Passage 3: Memory and Identity	src/data/mocks/ielts-set-10.ts	default.sections[reading:2]		inventory-synthetic	/examenes/ielts/practica/set-10	registered-public-mock-route		academic	inferred	inferred-from-parent-mock-title	passage-string	620	6	14	false	false	false	false	none-observed	unknown-quarantined	structured-evidence-absent	quarantine	true	missing-author | missing-factual-sources | missing-or-invalid-rights-basis | missing-reviewer | module-not-declared-on-asset	a5152cf8573cc608f068d5c687b3b127636f4fa92b7ce20b773e1b52a6317dac	88ffc55c55b8ab870e80f204a93d307631fbe89cdbd4a88a6f085a7ede0f03a0	b6f18fbd3dde120ed0b3ade070052fb097b8bd02327ff0042202cace5dc0c2e6
mock:set-11:reading-part-5	legacy-mock-section	mixed-full-passage	Reading — Passage 1: Engineering Water in Ancient Rome	src/data/mocks/ielts-set-11.ts	default.sections[reading:0]		inventory-synthetic	/examenes/ielts/practica/set-11	registered-public-mock-route		academic	inferred	inferred-from-parent-mock-title	passage-string	586	2	13	false	false	false	false	none-observed	unknown-quarantined	structured-evidence-absent	quarantine	true	missing-author | missing-factual-sources | missing-or-invalid-rights-basis | missing-reviewer | module-not-declared-on-asset	15d52dbe5b4734d9bbdd1c68e1b214f143e2f9118966c0172c7bbea0f5641b8d	f58b18a3d50bb773ef313e94c18ecd350a175179f05762c66d3cd6aa0ddc73d0	6db2e66fce1ec19d6565da4316ff6c025669d5b6fc73b480f4d0e8cdf7e30664
mock:set-11:reading-part-6	legacy-mock-section	mixed-full-passage	Reading — Passage 2: The Urban Heat Island Effect	src/data/mocks/ielts-set-11.ts	default.sections[reading:1]		inventory-synthetic	/examenes/ielts/practica/set-11	registered-public-mock-route		academic	inferred	inferred-from-parent-mock-title	passage-string	647	2	13	false	false	false	false	none-observed	unknown-quarantined	structured-evidence-absent	quarantine	true	missing-author | missing-factual-sources | missing-or-invalid-rights-basis | missing-reviewer | module-not-declared-on-asset	15d52dbe5b4734d9bbdd1c68e1b214f143e2f9118966c0172c7bbea0f5641b8d	f9fb094e092478179076cdd2c39a433b262ddcd811102b73fd59d589ddeb9203	792099c19dda4d41b99df87e7529693711deea946691fd95f05b3d9b84f88c3b
mock:set-11:reading-part-7	legacy-mock-section	mixed-full-passage	Reading — Passage 3: Cognitive Biases and Decision-Making	src/data/mocks/ielts-set-11.ts	default.sections[reading:2]		inventory-synthetic	/examenes/ielts/practica/set-11	registered-public-mock-route		academic	inferred	inferred-from-parent-mock-title	passage-string	700	6	14	false	false	false	false	none-observed	unknown-quarantined	structured-evidence-absent	quarantine	true	missing-author | missing-factual-sources | missing-or-invalid-rights-basis | missing-reviewer | module-not-declared-on-asset	15d52dbe5b4734d9bbdd1c68e1b214f143e2f9118966c0172c7bbea0f5641b8d	40e6c7815f17f9d03ef74904b1f3bc7e4f9097ddd2fc35d65f079a0ff48dd8ae	01e0f84ba314d5ccfcb429d2cc6c63d04f8b23e8473dc7beefefe855f17814b0
mock:set-12:reading-part-5	legacy-mock-section	mixed-full-passage	Reading — Passage 1: The Decline of Coral Reefs	src/data/mocks/ielts-set-12.ts	default.sections[reading:0]		inventory-synthetic	/examenes/ielts/practica/set-12	registered-public-mock-route		academic	inferred	inferred-from-parent-mock-title	passage-string	567	2	13	false	false	false	false	none-observed	unknown-quarantined	structured-evidence-absent	quarantine	true	missing-author | missing-factual-sources | missing-or-invalid-rights-basis | missing-reviewer | module-not-declared-on-asset	70f9b952ef3f0c18bfae1065597b6933ae3dae5931a522a24cba9c87a93cbc6c	abfd2a48cd9e298a0b7db1ec43fbb0b6c483d9bb85cfec74eff8adf822a3d3ce	77cec23a4097b73633ed0f13f56d1f91c778c81d8b587c4e0a022ff594bafb0e
mock:set-12:reading-part-6	legacy-mock-section	mixed-full-passage	Reading — Passage 2: A History of Chess	src/data/mocks/ielts-set-12.ts	default.sections[reading:1]		inventory-synthetic	/examenes/ielts/practica/set-12	registered-public-mock-route		academic	inferred	inferred-from-parent-mock-title	passage-string	703	2	13	false	false	false	false	none-observed	unknown-quarantined	structured-evidence-absent	quarantine	true	missing-author | missing-factual-sources | missing-or-invalid-rights-basis | missing-reviewer | module-not-declared-on-asset	70f9b952ef3f0c18bfae1065597b6933ae3dae5931a522a24cba9c87a93cbc6c	648495b2cc855fe4bad8664c82fe1fe5bbcf01a86d87cb33afb7cf6ca0d964c2	2e28803086dc3292582c42026ebacf2a90a2b6b35ad723a02fd6d0512d0ae91b
mock:set-12:reading-part-7	legacy-mock-section	mixed-full-passage	Reading — Passage 3: Social Media and Mental Health	src/data/mocks/ielts-set-12.ts	default.sections[reading:2]		inventory-synthetic	/examenes/ielts/practica/set-12	registered-public-mock-route		academic	inferred	inferred-from-parent-mock-title	passage-string	610	6	14	false	false	false	false	none-observed	unknown-quarantined	structured-evidence-absent	quarantine	true	missing-author | missing-factual-sources | missing-or-invalid-rights-basis | missing-reviewer | module-not-declared-on-asset	70f9b952ef3f0c18bfae1065597b6933ae3dae5931a522a24cba9c87a93cbc6c	9d26e977543d0fb21c8cdf87018ee2eb098e7f269012ca4aeb3d97a2eb5ee66b	6fb1ffb22a152c7f360f8b883cc0af1c0fb3b6c4827d0d506eaaf076301359a3
mock:set-13:reading-part-5	legacy-mock-section	mixed-full-passage	Reading — Passage 1: The Patterns of Human Migration	src/data/mocks/ielts-set-13.ts	default.sections[reading:0]		inventory-synthetic	/examenes/ielts/practica/set-13	registered-public-mock-route		academic	inferred	inferred-from-parent-mock-title	passage-string	526	2	13	false	false	false	false	none-observed	unknown-quarantined	structured-evidence-absent	quarantine	true	missing-author | missing-factual-sources | missing-or-invalid-rights-basis | missing-reviewer | module-not-declared-on-asset	f5719c2efff3f79539e77b1b82319d585eea6a45d8344446ca2bfa9cbdcd0443	a62e64e246bcd99dbd1ca7b672d0b534590512b9e71b4abda7cfa7cab54cbd67	a820244c1df7e53ee56ed7fdf26d76b42964c35de35b73f29637f10bf12bb27f
mock:set-13:reading-part-6	legacy-mock-section	mixed-full-passage	Reading — Passage 2: Quantum Computing — Promise and Reality	src/data/mocks/ielts-set-13.ts	default.sections[reading:1]		inventory-synthetic	/examenes/ielts/practica/set-13	registered-public-mock-route		academic	inferred	inferred-from-parent-mock-title	passage-string	631	2	13	false	false	false	false	none-observed	unknown-quarantined	structured-evidence-absent	quarantine	true	missing-author | missing-factual-sources | missing-or-invalid-rights-basis | missing-reviewer | module-not-declared-on-asset	f5719c2efff3f79539e77b1b82319d585eea6a45d8344446ca2bfa9cbdcd0443	f0770311a49fee1cc3442d744d9564d26529cdf5ed5fbf4776fbba7db4a4fa1d	0693ba4d145913eb0a0b74c9fe2d25afe84e0db6745c6bebe9210f14ea7322e6
mock:set-13:reading-part-7	legacy-mock-section	mixed-full-passage	Reading — Passage 3: The Placebo Effect	src/data/mocks/ielts-set-13.ts	default.sections[reading:2]		inventory-synthetic	/examenes/ielts/practica/set-13	registered-public-mock-route		academic	inferred	inferred-from-parent-mock-title	passage-string	702	6	14	false	false	false	false	none-observed	unknown-quarantined	structured-evidence-absent	quarantine	true	missing-author | missing-factual-sources | missing-or-invalid-rights-basis | missing-reviewer | module-not-declared-on-asset	f5719c2efff3f79539e77b1b82319d585eea6a45d8344446ca2bfa9cbdcd0443	e5e4b7091d8c1223e767fe88a108e7d538bb0f23733d61581af7c1cce8f40008	3fa1921fd4f378914490d1a81394e691078519249b7e2efd36bb583b518fa45a
mock:set-14:reading-part-5	legacy-mock-section	mixed-full-passage	Reading — Passage 1: The Ethics of Artificial Intelligence	src/data/mocks/ielts-set-14.ts	default.sections[reading:0]		inventory-synthetic	/examenes/ielts/practica/set-14	registered-public-mock-route		academic	inferred	inferred-from-parent-mock-title	passage-string	577	2	13	false	false	false	false	none-observed	unknown-quarantined	structured-evidence-absent	quarantine	true	missing-author | missing-factual-sources | missing-or-invalid-rights-basis | missing-reviewer | module-not-declared-on-asset	c6627a8c97105b9d38be7e366e1deb1772c4a46c7f6126f7ec3792f0039d2b11	6b4159a0df184a0caa06e6a2cbab6765c6bf298890918b08d2246e916d3ae429	8db12abf249a151d743c2557691a1a37fe66befe2e9346d3ed57709cdf923771
mock:set-14:reading-part-6	legacy-mock-section	mixed-full-passage	Reading — Passage 2: The Remarkable Diversity of Tropical Rainforests	src/data/mocks/ielts-set-14.ts	default.sections[reading:1]		inventory-synthetic	/examenes/ielts/practica/set-14	registered-public-mock-route		academic	inferred	inferred-from-parent-mock-title	passage-string	679	2	13	false	false	false	false	none-observed	unknown-quarantined	structured-evidence-absent	quarantine	true	missing-author | missing-factual-sources | missing-or-invalid-rights-basis | missing-reviewer | module-not-declared-on-asset	c6627a8c97105b9d38be7e366e1deb1772c4a46c7f6126f7ec3792f0039d2b11	43bdd44b3db1c9779b8219a66bda1aecdb5db260fea954b7d523bf11d571e094	2c189af873ee516895be584db2174e3fe663de9635c3b9c58741359f0aba03b2
mock:set-14:reading-part-7	legacy-mock-section	mixed-full-passage	Reading — Passage 3: The History of Money	src/data/mocks/ielts-set-14.ts	default.sections[reading:2]		inventory-synthetic	/examenes/ielts/practica/set-14	registered-public-mock-route		academic	inferred	inferred-from-parent-mock-title	passage-string	645	6	14	false	false	false	false	none-observed	unknown-quarantined	structured-evidence-absent	quarantine	true	missing-author | missing-factual-sources | missing-or-invalid-rights-basis | missing-reviewer | module-not-declared-on-asset	c6627a8c97105b9d38be7e366e1deb1772c4a46c7f6126f7ec3792f0039d2b11	08387a51838f051111fc9a87cbb8179bb8fd8e8cc59f637303251dc8c1984697	215378a91cfdcc9eb8011a3cb65608433bb762bac4bec9b50c2ec33647e95547
mock:set-15:reading-part-5	legacy-mock-section	mixed-full-passage	Reading — Passage 1: The Science of Sleep	src/data/mocks/ielts-set-15.ts	default.sections[reading:0]		inventory-synthetic	/examenes/ielts/practica/set-15	registered-public-mock-route		academic	inferred	inferred-from-parent-mock-title	passage-string	607	2	13	false	false	false	false	none-observed	unknown-quarantined	structured-evidence-absent	quarantine	true	missing-author | missing-factual-sources | missing-or-invalid-rights-basis | missing-reviewer | module-not-declared-on-asset	a9b4b479b354c248c28899acfd0dd317dee420ed1eac764f1c5a952470e4b0b5	8f7677c1ed4e1f5c6b06600be563f2b428ae734aab88fbb069bf12424b966fac	498c4c64053ac081820cd1cf0746fa0367eece599371bdd4663d607487af38ea
mock:set-15:reading-part-6	legacy-mock-section	mixed-full-passage	Reading — Passage 2: Urbanisation in Asia	src/data/mocks/ielts-set-15.ts	default.sections[reading:1]		inventory-synthetic	/examenes/ielts/practica/set-15	registered-public-mock-route		academic	inferred	inferred-from-parent-mock-title	passage-string	671	2	13	false	false	false	false	none-observed	unknown-quarantined	structured-evidence-absent	quarantine	true	missing-author | missing-factual-sources | missing-or-invalid-rights-basis | missing-reviewer | module-not-declared-on-asset	a9b4b479b354c248c28899acfd0dd317dee420ed1eac764f1c5a952470e4b0b5	3a0e580c1efcf7fd51463786b0d209c5d1ee5bbea6d81900f6b8a611dc141af0	12a3bc53c49bb13e9557ebae474e41993dcc0886becdfb8d78de9a1b10f8383a
mock:set-15:reading-part-7	legacy-mock-section	mixed-full-passage	Reading — Passage 3: Global Food Security	src/data/mocks/ielts-set-15.ts	default.sections[reading:2]		inventory-synthetic	/examenes/ielts/practica/set-15	registered-public-mock-route		academic	inferred	inferred-from-parent-mock-title	passage-string	582	6	14	false	false	false	false	none-observed	unknown-quarantined	structured-evidence-absent	quarantine	true	missing-author | missing-factual-sources | missing-or-invalid-rights-basis | missing-reviewer | module-not-declared-on-asset	a9b4b479b354c248c28899acfd0dd317dee420ed1eac764f1c5a952470e4b0b5	5f02e3d515b324be4723144630e9007f23513fe3a3091f4e2b3e6828664a4b58	5cf7d8a6c7700c598d8d828c4c4946907d8008206948d93fedba4ecf4cdc7e56
mock:set-16:reading-part-5	legacy-mock-section	mixed-full-passage	Reading — Passage 1: The Renewable Energy Transition	src/data/mocks/ielts-set-16.ts	default.sections[reading:0]		inventory-synthetic	/examenes/ielts/practica/set-16	registered-public-mock-route		academic	inferred	inferred-from-parent-mock-title	passage-string	561	2	13	false	false	false	false	none-observed	unknown-quarantined	structured-evidence-absent	quarantine	true	missing-author | missing-factual-sources | missing-or-invalid-rights-basis | missing-reviewer | module-not-declared-on-asset	d61b8d92dcbd84951fb003afe6a4a0bbe3d2614f121434599dd1046fce9c4361	cc655d25f7de7ec3aee636958447e621a9278cf062d3d41fb55fc413a6ef5d4d	e586e459c2580a0571671a4ae89c3eed10cb5a7fdd8da4cdca1a1635a894d36f
mock:set-16:reading-part-6	legacy-mock-section	mixed-full-passage	Reading — Passage 2: Cognitive Development in Early Childhood	src/data/mocks/ielts-set-16.ts	default.sections[reading:1]		inventory-synthetic	/examenes/ielts/practica/set-16	registered-public-mock-route		academic	inferred	inferred-from-parent-mock-title	passage-string	722	2	13	false	false	false	false	none-observed	unknown-quarantined	structured-evidence-absent	quarantine	true	missing-author | missing-factual-sources | missing-or-invalid-rights-basis | missing-reviewer | module-not-declared-on-asset	d61b8d92dcbd84951fb003afe6a4a0bbe3d2614f121434599dd1046fce9c4361	ed0b958c9d2eb3696288ed95904bf6063ae979cf032a2d05dd33391782f15dac	2098164b548d51c4ee6be8b9510ca5c9f1bfbecc5d2c8ea363800f9701b165fe
mock:set-16:reading-part-7	legacy-mock-section	mixed-full-passage	Reading — Passage 3: Globalisation and Its Critics	src/data/mocks/ielts-set-16.ts	default.sections[reading:2]		inventory-synthetic	/examenes/ielts/practica/set-16	registered-public-mock-route		academic	inferred	inferred-from-parent-mock-title	passage-string	635	6	14	false	false	false	false	none-observed	unknown-quarantined	structured-evidence-absent	quarantine	true	missing-author | missing-factual-sources | missing-or-invalid-rights-basis | missing-reviewer | module-not-declared-on-asset	d61b8d92dcbd84951fb003afe6a4a0bbe3d2614f121434599dd1046fce9c4361	921f0d362d023b81b649fca15dc72a6a9ccac1a9a611efe97b17e201a5a86b52	6bd683a0464928963abcf787134d696a7f9d73ff61478c51ed1911ad16be5766
mock:set-17:reading-part-5	legacy-mock-section	mixed-full-passage	Reading — Passage 1: Ocean Acidification	src/data/mocks/ielts-set-17.ts	default.sections[reading:0]		inventory-synthetic	/examenes/ielts/practica/set-17	registered-public-mock-route		academic	inferred	inferred-from-parent-mock-title	passage-string	559	2	13	false	false	false	false	none-observed	unknown-quarantined	structured-evidence-absent	quarantine	true	missing-author | missing-factual-sources | missing-or-invalid-rights-basis | missing-reviewer | module-not-declared-on-asset	e07f7ba1ed175f935fa77b7ea91ffe79e05de00a2640e5c16040af6953da0438	c1f18225a044c5598705c92d82017303f7f061f94a8a466c67b8880878faa6b0	88b2c050cc15e1f3251c05494f72b6de2eb92e88c28f4a76b27f9f6ef4e78f5d
mock:set-17:reading-part-6	legacy-mock-section	mixed-full-passage	Reading — Passage 2: A History of Cinema	src/data/mocks/ielts-set-17.ts	default.sections[reading:1]		inventory-synthetic	/examenes/ielts/practica/set-17	registered-public-mock-route		academic	inferred	inferred-from-parent-mock-title	passage-string	721	2	13	false	false	false	false	none-observed	unknown-quarantined	structured-evidence-absent	quarantine	true	missing-author | missing-factual-sources | missing-or-invalid-rights-basis | missing-reviewer | module-not-declared-on-asset	e07f7ba1ed175f935fa77b7ea91ffe79e05de00a2640e5c16040af6953da0438	f37d83cf429d040da423f54b4c656d5e2e3778473f88b754944a3a1887e77596	c98a159b67fede2699f096d2bc11dce0ac84291ef9124e0c11c9afb85ea531db
mock:set-17:reading-part-7	legacy-mock-section	mixed-full-passage	Reading — Passage 3: Behavioural Economics	src/data/mocks/ielts-set-17.ts	default.sections[reading:2]		inventory-synthetic	/examenes/ielts/practica/set-17	registered-public-mock-route		academic	inferred	inferred-from-parent-mock-title	passage-string	693	6	14	false	false	false	false	none-observed	unknown-quarantined	structured-evidence-absent	quarantine	true	missing-author | missing-factual-sources | missing-or-invalid-rights-basis | missing-reviewer | module-not-declared-on-asset	e07f7ba1ed175f935fa77b7ea91ffe79e05de00a2640e5c16040af6953da0438	6058d8b12fcc04a3c0276f673f81ee0735932c4b37bb2e4fbe49508cff1752d4	16cfd77252f28e1342399f9ddb337b2ad6bdf00c1390156ea30b29ee07c7aee0
mock:set-18:reading-part-5	legacy-mock-section	mixed-full-passage	Reading — Passage 1: Genetic Engineering and Its Applications	src/data/mocks/ielts-set-18.ts	default.sections[reading:0]		inventory-synthetic	/examenes/ielts/practica/set-18	registered-public-mock-route		academic	inferred	inferred-from-parent-mock-title	passage-string	594	2	13	false	false	false	false	none-observed	unknown-quarantined	structured-evidence-absent	quarantine	true	missing-author | missing-factual-sources | missing-or-invalid-rights-basis | missing-reviewer | module-not-declared-on-asset	74ff2064651834e8d278bed496d637eb6bc96117723b33f0ddbf12973ac026de	46dd4d453635a31a2959715ad951f972d91788c929b5e75df096bc054138e748	de60593892b8a9f2c0a1b53cc775a9670b34c1e972745092eafa7e5a4aa58fe5
mock:set-18:reading-part-6	legacy-mock-section	mixed-full-passage	Reading — Passage 2: Smart Cities	src/data/mocks/ielts-set-18.ts	default.sections[reading:1]		inventory-synthetic	/examenes/ielts/practica/set-18	registered-public-mock-route		academic	inferred	inferred-from-parent-mock-title	passage-string	710	2	13	false	false	false	false	none-observed	unknown-quarantined	structured-evidence-absent	quarantine	true	missing-author | missing-factual-sources | missing-or-invalid-rights-basis | missing-reviewer | module-not-declared-on-asset	74ff2064651834e8d278bed496d637eb6bc96117723b33f0ddbf12973ac026de	4c9167c8b96c27db0d9a8fa36df56a950c2171f49167f20cca5e861879f7191c	7b5eb69403773d6a0a46a1f3b74e4930aa6be561ed344ff9de2c92226ecf3e2a
mock:set-18:reading-part-7	legacy-mock-section	mixed-full-passage	Reading — Passage 3: How Children Acquire Language	src/data/mocks/ielts-set-18.ts	default.sections[reading:2]		inventory-synthetic	/examenes/ielts/practica/set-18	registered-public-mock-route		academic	inferred	inferred-from-parent-mock-title	passage-string	699	6	14	false	false	false	false	none-observed	unknown-quarantined	structured-evidence-absent	quarantine	true	missing-author | missing-factual-sources | missing-or-invalid-rights-basis | missing-reviewer | module-not-declared-on-asset	74ff2064651834e8d278bed496d637eb6bc96117723b33f0ddbf12973ac026de	c729669ff82dc42dbb07d3c9b644a345f8dab9bfa61b993ad967fd028e737562	1f461ac2e0aceea665e0fb594580fd8b89f3ece140abeda75759e5d77d25c308
mock:set-19:reading-part-5	legacy-mock-section	mixed-full-passage	Reading — Passage 1: The Mystery of Dark Matter	src/data/mocks/ielts-set-19.ts	default.sections[reading:0]		inventory-synthetic	/examenes/ielts/practica/set-19	registered-public-mock-route		academic	inferred	inferred-from-parent-mock-title	passage-string	630	2	13	false	false	false	false	none-observed	unknown-quarantined	structured-evidence-absent	quarantine	true	missing-author | missing-factual-sources | missing-or-invalid-rights-basis | missing-reviewer | module-not-declared-on-asset	ccea6442b646e221a59458152e9018b1c41302524900192d3b496453945be759	6bbf7da53dec0cd71948166f0908ebd7fddd4285f1ff8908a0191c75df0d746c	b1c84bfda2de8fe4c4908b43e23da8b51f1e7c4a2929eb4ae95b05fb08d10c13
mock:set-19:reading-part-6	legacy-mock-section	mixed-full-passage	Reading — Passage 2: The Rise of E-commerce	src/data/mocks/ielts-set-19.ts	default.sections[reading:1]		inventory-synthetic	/examenes/ielts/practica/set-19	registered-public-mock-route		academic	inferred	inferred-from-parent-mock-title	passage-string	677	2	13	false	false	false	false	none-observed	unknown-quarantined	structured-evidence-absent	quarantine	true	missing-author | missing-factual-sources | missing-or-invalid-rights-basis | missing-reviewer | module-not-declared-on-asset	ccea6442b646e221a59458152e9018b1c41302524900192d3b496453945be759	7bc56540ef7723935ef57c069d27d4aca94e4dcc2cec0f157136d09cc98ddfa1	6557a5c83b262ce42c8835a333e802a1e51b1c0b7b6037077660694687389722
mock:set-19:reading-part-7	legacy-mock-section	mixed-full-passage	Reading — Passage 3: Cultural Heritage and Its Preservation	src/data/mocks/ielts-set-19.ts	default.sections[reading:2]		inventory-synthetic	/examenes/ielts/practica/set-19	registered-public-mock-route		academic	inferred	inferred-from-parent-mock-title	passage-string	635	6	14	false	false	false	false	none-observed	unknown-quarantined	structured-evidence-absent	quarantine	true	missing-author | missing-factual-sources | missing-or-invalid-rights-basis | missing-reviewer | module-not-declared-on-asset	ccea6442b646e221a59458152e9018b1c41302524900192d3b496453945be759	5477b6d1ba2db13ff9dfac29f0d8dddbd7c930cdc30ced51874a425e872c5221	67b030dc5a84a097e925c61c6806fe976ac9cc3707e1d2f3920157be7e07ee6a
mock:set-2:reading-part-5	legacy-mock-section	mixed-full-passage	Reading Passage 1: The History of Glass	src/data/mocks/ielts-set-2.ts	default.sections[reading:0]		inventory-synthetic	/examenes/ielts/practica/set-2	registered-public-mock-route		academic	inferred	inferred-from-parent-mock-title	passage-string	500	7	13	false	false	false	false	none-observed	unknown-quarantined	structured-evidence-absent	quarantine	true	missing-author | missing-factual-sources | missing-or-invalid-rights-basis | missing-reviewer | module-not-declared-on-asset	5f9e2581a84f0a28c2dcb639669f5ea7b849e6b12857c970989de7ae97b754b8	4ca7b281941a9f737306e1b45ca3e19d96bd3a4ea269c7b79c04fd230a4dbcfb	0fc7fda842c741081ad0f2a64fcd1236cacb094947b78f1335b38a369c336fd5
mock:set-2:reading-part-6	legacy-mock-section	mixed-full-passage	Reading Passage 2: Bees and Pollination	src/data/mocks/ielts-set-2.ts	default.sections[reading:1]		inventory-synthetic	/examenes/ielts/practica/set-2	registered-public-mock-route		academic	inferred	inferred-from-parent-mock-title	passage-string	454	7	13	false	false	false	false	none-observed	unknown-quarantined	structured-evidence-absent	quarantine	true	missing-author | missing-factual-sources | missing-or-invalid-rights-basis | missing-reviewer | module-not-declared-on-asset	5f9e2581a84f0a28c2dcb639669f5ea7b849e6b12857c970989de7ae97b754b8	7b5a0c4f73ed9ec7345613995d058aeeaa2a6e35017d1b3134f45d46787160a9	4861de0fcd5abfd738e6295fad26bca85c5094dd5920cc981aa6bc3e2f162623
mock:set-2:reading-part-7	legacy-mock-section	mixed-full-passage	Reading Passage 3: The Psychology of Decision Making	src/data/mocks/ielts-set-2.ts	default.sections[reading:2]		inventory-synthetic	/examenes/ielts/practica/set-2	registered-public-mock-route		academic	inferred	inferred-from-parent-mock-title	passage-string	597	7	14	false	false	false	false	none-observed	unknown-quarantined	structured-evidence-absent	quarantine	true	missing-author | missing-factual-sources | missing-or-invalid-rights-basis | missing-reviewer | module-not-declared-on-asset	5f9e2581a84f0a28c2dcb639669f5ea7b849e6b12857c970989de7ae97b754b8	98113de3ad8d95dca17d3846a9e81103e3c97d3c896399d906803e816e76276d	19530fae5113e38573a787b66bb2495c0214051cec8316bb9dd849cf0728334a
mock:set-20:reading-part-5	legacy-mock-section	mixed-full-passage	Reading — Passage 1: The Crisis of Antibiotic Resistance	src/data/mocks/ielts-set-20.ts	default.sections[reading:0]		inventory-synthetic	/examenes/ielts/practica/set-20	registered-public-mock-route		academic	inferred	inferred-from-parent-mock-title	passage-string	573	2	13	false	false	false	false	none-observed	unknown-quarantined	structured-evidence-absent	quarantine	true	missing-author | missing-factual-sources | missing-or-invalid-rights-basis | missing-reviewer | module-not-declared-on-asset	dc034db54ada89ceb982f1f42305da48abab2414bafb1aaca472e8d35242e3ba	1c4d73196ef7a92bb3a0ded4d5e8f8a493e1af06091a6d0e4fcd5903d0d083f7	e56bf25edc94de0bb0f84d7f145ae1fe3fd79a776b03a215409181368a849959
mock:set-20:reading-part-6	legacy-mock-section	mixed-full-passage	Reading — Passage 2: Urban Gardening and the Green City	src/data/mocks/ielts-set-20.ts	default.sections[reading:1]		inventory-synthetic	/examenes/ielts/practica/set-20	registered-public-mock-route		academic	inferred	inferred-from-parent-mock-title	passage-string	690	2	13	false	false	false	false	none-observed	unknown-quarantined	structured-evidence-absent	quarantine	true	missing-author | missing-factual-sources | missing-or-invalid-rights-basis | missing-reviewer | module-not-declared-on-asset	dc034db54ada89ceb982f1f42305da48abab2414bafb1aaca472e8d35242e3ba	8841451ef274a19feddd6a320e31defbd21c303743aaeeb21db02cd3be0dc4c1	d8e5322d35410d8186737b2528f30bc984b9ae0cf8163bd0eb8b4c02c3444dff
mock:set-20:reading-part-7	legacy-mock-section	mixed-full-passage	Reading — Passage 3: The Future of Transport	src/data/mocks/ielts-set-20.ts	default.sections[reading:2]		inventory-synthetic	/examenes/ielts/practica/set-20	registered-public-mock-route		academic	inferred	inferred-from-parent-mock-title	passage-string	722	6	14	false	false	false	false	none-observed	unknown-quarantined	structured-evidence-absent	quarantine	true	missing-author | missing-factual-sources | missing-or-invalid-rights-basis | missing-reviewer | module-not-declared-on-asset	dc034db54ada89ceb982f1f42305da48abab2414bafb1aaca472e8d35242e3ba	5efb07f28826afd9214b599151c0f0f226f66724b7d294a8d8d2fd4c0a47efa1	0817351c7fcf3dc173940e948e8281f7f34f8f43181d556000809845234cc524
mock:set-3:reading-part-5	legacy-mock-section	mixed-full-passage	Reading Passage 1: The Silk Road	src/data/mocks/ielts-set-3.ts	default.sections[reading:0]		inventory-synthetic	/examenes/ielts/practica/set-3	registered-public-mock-route		academic	inferred	inferred-from-parent-mock-title	passage-string	466	7	13	false	false	false	false	none-observed	unknown-quarantined	structured-evidence-absent	quarantine	true	missing-author | missing-factual-sources | missing-or-invalid-rights-basis | missing-reviewer | module-not-declared-on-asset	6e443877f3596abdb485aafeebd110553b990c61fbde3ef612312aa78f50247a	296b71528ff110367e175f93a15aac0a01d5d3f654028894157289a567c59924	80e38fc22db9f989f543f1edb6a73a2a1895cf9f7ad0ad135b0432f90ad7cc04
mock:set-3:reading-part-6	legacy-mock-section	mixed-full-passage	Reading Passage 2: Ocean Plastic Pollution	src/data/mocks/ielts-set-3.ts	default.sections[reading:1]		inventory-synthetic	/examenes/ielts/practica/set-3	registered-public-mock-route		academic	inferred	inferred-from-parent-mock-title	passage-string	437	7	13	false	false	false	false	none-observed	unknown-quarantined	structured-evidence-absent	quarantine	true	missing-author | missing-factual-sources | missing-or-invalid-rights-basis | missing-reviewer | module-not-declared-on-asset	6e443877f3596abdb485aafeebd110553b990c61fbde3ef612312aa78f50247a	d091d1f6e5615586a4f894aa50349aab241ae7b8ec9c69954e2adb2155921eb5	4b52e321aea93989645bb8caf1bee6a7e05ad1cf2f7139bff6a403e488867334
mock:set-3:reading-part-7	legacy-mock-section	mixed-full-passage	Reading Passage 3: Artificial Intelligence in Medicine	src/data/mocks/ielts-set-3.ts	default.sections[reading:2]		inventory-synthetic	/examenes/ielts/practica/set-3	registered-public-mock-route		academic	inferred	inferred-from-parent-mock-title	passage-string	503	7	14	false	false	false	false	none-observed	unknown-quarantined	structured-evidence-absent	quarantine	true	missing-author | missing-factual-sources | missing-or-invalid-rights-basis | missing-reviewer | module-not-declared-on-asset	6e443877f3596abdb485aafeebd110553b990c61fbde3ef612312aa78f50247a	293d71b9d4002db6def0a5a15a0154dc39af6ca834f119c7c90dd2374647cca8	91b73cdbb992253b2225e7556637a74228ce463ce97203e8343ae625ed55199d
mock:set-4:reading-part-5	legacy-mock-section	mixed-full-passage	Reading Passage 1: The Origins of Agriculture	src/data/mocks/ielts-set-4.ts	default.sections[reading:0]		inventory-synthetic	/examenes/ielts/practica/set-4	registered-public-mock-route		academic	inferred	inferred-from-parent-mock-title	passage-string	514	10	13	false	false	false	false	none-observed	unknown-quarantined	structured-evidence-absent	quarantine	true	missing-author | missing-factual-sources | missing-or-invalid-rights-basis | missing-reviewer | module-not-declared-on-asset	91a2a3823bafb982a943011926cccf41d2571b93d3253aaa78003c00e410c257	d64200341c67c1e2af64c43a386ab4e69eacfab9b7544d6d6b10c1a40c091c08	49a5dc067426f0b190fc4854399c476870f9ea27304838e09c9a17256b2683ab
mock:set-4:reading-part-6	legacy-mock-section	mixed-full-passage	Reading Passage 2: Sleep and Memory	src/data/mocks/ielts-set-4.ts	default.sections[reading:1]		inventory-synthetic	/examenes/ielts/practica/set-4	registered-public-mock-route		academic	inferred	inferred-from-parent-mock-title	passage-string	494	8	13	false	false	false	false	none-observed	unknown-quarantined	structured-evidence-absent	quarantine	true	missing-author | missing-factual-sources | missing-or-invalid-rights-basis | missing-reviewer | module-not-declared-on-asset	91a2a3823bafb982a943011926cccf41d2571b93d3253aaa78003c00e410c257	b04b5fc1b1c5a69a2e7ac0b98f0c1da531fdfa9df3d81fd50c8754787bde8fcf	34afdd7ab1261bfe0d828b1603125db70bff13dd8078bec9ce80ad2f1a64e234
mock:set-4:reading-part-7	legacy-mock-section	mixed-full-passage	Reading Passage 3: The Future of Electric Vehicles	src/data/mocks/ielts-set-4.ts	default.sections[reading:2]		inventory-synthetic	/examenes/ielts/practica/set-4	registered-public-mock-route		academic	inferred	inferred-from-parent-mock-title	passage-string	605	10	14	false	false	false	false	none-observed	unknown-quarantined	structured-evidence-absent	quarantine	true	missing-author | missing-factual-sources | missing-or-invalid-rights-basis | missing-reviewer | module-not-declared-on-asset	91a2a3823bafb982a943011926cccf41d2571b93d3253aaa78003c00e410c257	3a0edb2ce177ce8f05918b53f477b6336920c85c3e16594b841860a71f9cd0ab	dd9c62294447c005e928906adca8c43a1e2a5ec8fddc07541971f5a4ced737eb
mock:set-5:reading-part-5	legacy-mock-section	mixed-full-passage	Reading — Passage 1: The Origins of Coffee	src/data/mocks/ielts-set-5.ts	default.sections[reading:0]		inventory-synthetic	/examenes/ielts/practica/set-5	registered-public-mock-route		academic	inferred	inferred-from-parent-mock-title	passage-string	604	2	13	false	false	false	false	none-observed	unknown-quarantined	structured-evidence-absent	quarantine	true	missing-author | missing-factual-sources | missing-or-invalid-rights-basis | missing-reviewer | module-not-declared-on-asset	1f3c3df817e1d95057e05b6905275f847aef247a66198eea9f1adbc7cd63d9ae	6017d330da651575ad20301b05f56abb94945dfab876558add06d1940ba86537	5ea663adf202eba36fc8860576760a9ac0ad2a81d0617b49cf13d51df248ed4a
mock:set-5:reading-part-6	legacy-mock-section	mixed-full-passage	Reading — Passage 2: Light Pollution and Wildlife	src/data/mocks/ielts-set-5.ts	default.sections[reading:1]		inventory-synthetic	/examenes/ielts/practica/set-5	registered-public-mock-route		academic	inferred	inferred-from-parent-mock-title	passage-string	691	2	13	false	false	false	false	none-observed	unknown-quarantined	structured-evidence-absent	quarantine	true	missing-author | missing-factual-sources | missing-or-invalid-rights-basis | missing-reviewer | module-not-declared-on-asset	1f3c3df817e1d95057e05b6905275f847aef247a66198eea9f1adbc7cd63d9ae	dc4df35976b8c27aaf818d3ddf30378a786825e974d98fd0608b7b9ff454b069	7c352fabe760d1d8e0960b8f7c839c04da606972a6faf4ece62194d5b7a60430
mock:set-5:reading-part-7	legacy-mock-section	mixed-full-passage	Reading — Passage 3: The Paradox of Choice	src/data/mocks/ielts-set-5.ts	default.sections[reading:2]		inventory-synthetic	/examenes/ielts/practica/set-5	registered-public-mock-route		academic	inferred	inferred-from-parent-mock-title	passage-string	638	6	14	false	false	false	false	none-observed	unknown-quarantined	structured-evidence-absent	quarantine	true	missing-author | missing-factual-sources | missing-or-invalid-rights-basis | missing-reviewer | module-not-declared-on-asset	1f3c3df817e1d95057e05b6905275f847aef247a66198eea9f1adbc7cd63d9ae	92e5dcba9e7538b8dbb651f45ab98528820d4b4c9ecf3f85852cb74513a0306a	df38a70e7fcf9b8e451630feb07f6e915c0702d7bcd23501eb52d35821a4004f
mock:set-6:reading-part-5	legacy-mock-section	mixed-full-passage	Reading — Passage 1: The History of Paper	src/data/mocks/ielts-set-6.ts	default.sections[reading:0]		inventory-synthetic	/examenes/ielts/practica/set-6	registered-public-mock-route		academic	inferred	inferred-from-parent-mock-title	passage-string	546	2	13	false	false	false	false	none-observed	unknown-quarantined	structured-evidence-absent	quarantine	true	missing-author | missing-factual-sources | missing-or-invalid-rights-basis | missing-reviewer | module-not-declared-on-asset	f17be9eabc796fb8aa7ac90e353d7fccf94ebfd07414f6bf5434d52055d75f5b	6c4456136f616b8ddd73b9b4e279a5f25ab3309b9e062a8c2276e5159ad100a5	65e13ba5f4fa04b44aa73fedb870a726708ccb75c9fa32d3bc76f1953e88b427
mock:set-6:reading-part-6	legacy-mock-section	mixed-full-passage	Reading — Passage 2: Rewilding Europe	src/data/mocks/ielts-set-6.ts	default.sections[reading:1]		inventory-synthetic	/examenes/ielts/practica/set-6	registered-public-mock-route		academic	inferred	inferred-from-parent-mock-title	passage-string	663	2	13	false	false	false	false	none-observed	unknown-quarantined	structured-evidence-absent	quarantine	true	missing-author | missing-factual-sources | missing-or-invalid-rights-basis | missing-reviewer | module-not-declared-on-asset	f17be9eabc796fb8aa7ac90e353d7fccf94ebfd07414f6bf5434d52055d75f5b	ef1a2e9b68d2169429c83b42c90710e3dfe2b86db70b8fa109b302aac1a98f71	92148fe8085da8944907582c3238ceb53a2a8eb8ce9c1eb2416c0bf17662e0b6
mock:set-6:reading-part-7	legacy-mock-section	mixed-full-passage	Reading — Passage 3: The Gig Economy	src/data/mocks/ielts-set-6.ts	default.sections[reading:2]		inventory-synthetic	/examenes/ielts/practica/set-6	registered-public-mock-route		academic	inferred	inferred-from-parent-mock-title	passage-string	633	6	14	false	false	false	false	none-observed	unknown-quarantined	structured-evidence-absent	quarantine	true	missing-author | missing-factual-sources | missing-or-invalid-rights-basis | missing-reviewer | module-not-declared-on-asset	f17be9eabc796fb8aa7ac90e353d7fccf94ebfd07414f6bf5434d52055d75f5b	2cef6c4b27a1c62ba15fbf181aa3851997b78a1f1c773175c0e463adc55ff938	0edb6b8906eb46bb1f604257b6f0ce83648af0500c660b72972707b0f3c098cd
mock:set-7:reading-part-5	legacy-mock-section	mixed-full-passage	Reading — Passage 1: Biomimicry in Design	src/data/mocks/ielts-set-7.ts	default.sections[reading:0]		inventory-synthetic	/examenes/ielts/practica/set-7	registered-public-mock-route		academic	inferred	inferred-from-parent-mock-title	passage-string	566	2	13	false	false	false	false	none-observed	unknown-quarantined	structured-evidence-absent	quarantine	true	missing-author | missing-factual-sources | missing-or-invalid-rights-basis | missing-reviewer | module-not-declared-on-asset	ab201f7958427c4235c1fa40fd7010f9cd293eaed44cb23561d00f6e5e9a83f5	be1a7ec278b440cb0783eb50e98d268ce5c7ff3fafcf765ae9ddd67bab4768f3	220ef0da3fed1c816770fc57ed3b9d7fa024592f234689c68f27fd28e32cd6dd
mock:set-7:reading-part-6	legacy-mock-section	mixed-full-passage	Reading — Passage 2: Blue Zones — The Science of Longevity	src/data/mocks/ielts-set-7.ts	default.sections[reading:1]		inventory-synthetic	/examenes/ielts/practica/set-7	registered-public-mock-route		academic	inferred	inferred-from-parent-mock-title	passage-string	574	2	13	false	false	false	false	none-observed	unknown-quarantined	structured-evidence-absent	quarantine	true	missing-author | missing-factual-sources | missing-or-invalid-rights-basis | missing-reviewer | module-not-declared-on-asset	ab201f7958427c4235c1fa40fd7010f9cd293eaed44cb23561d00f6e5e9a83f5	e1387785cf8942b35ebc54415c9a9f85bad106dcb511f8fb68b7815937e5461b	f90f815d4753665f2a45b63f6510e7d3ee1365ae96185fda61328eeaffeb52b2
mock:set-7:reading-part-7	legacy-mock-section	mixed-full-passage	Reading — Passage 3: Linguistic Relativity	src/data/mocks/ielts-set-7.ts	default.sections[reading:2]		inventory-synthetic	/examenes/ielts/practica/set-7	registered-public-mock-route		academic	inferred	inferred-from-parent-mock-title	passage-string	584	6	14	false	false	false	false	none-observed	unknown-quarantined	structured-evidence-absent	quarantine	true	missing-author | missing-factual-sources | missing-or-invalid-rights-basis | missing-reviewer | module-not-declared-on-asset	ab201f7958427c4235c1fa40fd7010f9cd293eaed44cb23561d00f6e5e9a83f5	f9d476e828de4e9fed0a5f349a7d40fd8b84bb45f801ebf94ba6efb86bc8eb4a	1135601372b942cbcf92b985c6e6114f37f986ac1b2874d88f720a0e7dccbf66
mock:set-8:reading-part-5	legacy-mock-section	mixed-full-passage	Reading — Passage 1: The Domestication of Dogs	src/data/mocks/ielts-set-8.ts	default.sections[reading:0]		inventory-synthetic	/examenes/ielts/practica/set-8	registered-public-mock-route		academic	inferred	inferred-from-parent-mock-title	passage-string	492	2	13	false	false	false	false	none-observed	unknown-quarantined	structured-evidence-absent	quarantine	true	missing-author | missing-factual-sources | missing-or-invalid-rights-basis | missing-reviewer | module-not-declared-on-asset	d03f75e9e597866f58473bbb8da16d3919ad2aabd3e9c305392a2cd00b1016f9	0a3e1a36fa484d35e87155993821ca3dde9448f5a8b2b7f9794d96536b18baa1	68c70c116997231a184db9f9b8ce4068a901c44322540eb156be2f8056597adf
mock:set-8:reading-part-6	legacy-mock-section	mixed-full-passage	Reading — Passage 2: Vertical Farming	src/data/mocks/ielts-set-8.ts	default.sections[reading:1]		inventory-synthetic	/examenes/ielts/practica/set-8	registered-public-mock-route		academic	inferred	inferred-from-parent-mock-title	passage-string	583	2	13	false	false	false	false	none-observed	unknown-quarantined	structured-evidence-absent	quarantine	true	missing-author | missing-factual-sources | missing-or-invalid-rights-basis | missing-reviewer | module-not-declared-on-asset	d03f75e9e597866f58473bbb8da16d3919ad2aabd3e9c305392a2cd00b1016f9	4e82361baa52d59c1ea860d1b4b014f9529d1824a49bb92e47269b85c9aa75aa	3eff10a11be4eb623bcf423dc9725cc19c0728ff8fcd9f63c1988cc4a73e11da
mock:set-8:reading-part-7	legacy-mock-section	mixed-full-passage	Reading — Passage 3: The Psychology of Money	src/data/mocks/ielts-set-8.ts	default.sections[reading:2]		inventory-synthetic	/examenes/ielts/practica/set-8	registered-public-mock-route		academic	inferred	inferred-from-parent-mock-title	passage-string	592	6	14	false	false	false	false	none-observed	unknown-quarantined	structured-evidence-absent	quarantine	true	missing-author | missing-factual-sources | missing-or-invalid-rights-basis | missing-reviewer | module-not-declared-on-asset	d03f75e9e597866f58473bbb8da16d3919ad2aabd3e9c305392a2cd00b1016f9	3a834541f5c13d66188670ab3af334b397f2af956c6f86ed925516726b49230e	bcd154cd9d07736b9f94796946b8e7bab72a193af488ef64d7fa325362a80f16
mock:set-9:reading-part-5	legacy-mock-section	mixed-full-passage	Reading — Passage 1: The History of Vaccination	src/data/mocks/ielts-set-9.ts	default.sections[reading:0]		inventory-synthetic	/examenes/ielts/practica/set-9	registered-public-mock-route		academic	inferred	inferred-from-parent-mock-title	passage-string	532	2	13	false	false	false	false	none-observed	unknown-quarantined	structured-evidence-absent	quarantine	true	missing-author | missing-factual-sources | missing-or-invalid-rights-basis | missing-reviewer | module-not-declared-on-asset	b6c8ff48c70cf4a4393a5128fc4566ee854c62465259b3ca2df434d85e481504	fc1edfb4adc2a8930b902732acf2dc4f81dbefab7ca2bc7c370a9199517afebd	baf32b6802b047fbc82d1eaddbac580795909b58baa4591eb800d5fa1ddd5395
mock:set-9:reading-part-6	legacy-mock-section	mixed-full-passage	Reading — Passage 2: Deep-Sea Exploration	src/data/mocks/ielts-set-9.ts	default.sections[reading:1]		inventory-synthetic	/examenes/ielts/practica/set-9	registered-public-mock-route		academic	inferred	inferred-from-parent-mock-title	passage-string	586	2	13	false	false	false	false	none-observed	unknown-quarantined	structured-evidence-absent	quarantine	true	missing-author | missing-factual-sources | missing-or-invalid-rights-basis | missing-reviewer | module-not-declared-on-asset	b6c8ff48c70cf4a4393a5128fc4566ee854c62465259b3ca2df434d85e481504	731dc335c93e1f37e1927cacc80b7320405e9c5fefebe520f12cd3e468480fbe	0b29a6fbf6a8db0cecc19ab7d6a51fa8aada85e477e3ade994f1de0785823416
mock:set-9:reading-part-7	legacy-mock-section	mixed-full-passage	Reading — Passage 3: The Future of Work	src/data/mocks/ielts-set-9.ts	default.sections[reading:2]		inventory-synthetic	/examenes/ielts/practica/set-9	registered-public-mock-route		academic	inferred	inferred-from-parent-mock-title	passage-string	570	6	14	false	false	false	false	none-observed	unknown-quarantined	structured-evidence-absent	quarantine	true	missing-author | missing-factual-sources | missing-or-invalid-rights-basis | missing-reviewer | module-not-declared-on-asset	b6c8ff48c70cf4a4393a5128fc4566ee854c62465259b3ca2df434d85e481504	7402b0ea8acd2378a3f9927941ae589af79066a27fd66e98ecb91979199cbdc1	1e27abbde2564e0bb07ed84f02402c303d84a1cd585822c4dbbeb38554dfd39b
