block_id	set_id	source_file	genre	instruction	source_word_count	source_text_sha256	current_blank_count	current_first_sentence_blank_count	current_half_length_compatible	current_zero_missing_count	official_genre_match	official_length_match	current_exact_ten	current_ctw_status	candidate_target_words	candidate_visible_prefixes	candidate_missing_letters	candidate_reconstruction_count	candidate_token_issue	candidate_mask_status	language_status	fact_status	internal_similarity_status	external_similarity_status	finding_ids	provenance_commit	provenance_claim	rights_status	reuse_class	proposed_action	independent_review_status	implementation_status	release_status
t1-r-cw1	set-1	src/data/mocks/toefl-set-1.ts	personal_message	A student is writing to a friend about the weekend.	64	3e808c022686485130372e37e4bf8b2206dbc69e8916e778fc81472d04dc4da6	6	1	5	0	no	no	no	fail_six_blanks_full_word_keys	not_applicable	not_applicable	not_applicable	0	none	not_applicable_official_genre	language_pass_initial	not_applicable_nonfactual	no_high_similarity_pair_at_threshold	not_sampled_external	CTW-COUNT-001|CTW-KEY-001|CTW-GENRE-001|CTW-LEN-001|CTW-FIRST-001	58c2fb0c84f955b1c249708b0fbd1bf0dbb14e43	commit_message_original_WeLearn_AI_coauthored	internal_origin_pending_owner_attestation_similarity_and_independent_review	C_reclassify_as_skill_practice_A	preserve_text_outside_official_CTW	pending	candidate_documented_pending_code_authorization	blocked
t1-r-cw2	set-1	src/data/mocks/toefl-set-1.ts	academic_text	The following is from an article about the sun.	79	591e04ee445b2367e1fdfc13373d6a727e42f305cebc1f8d777b58d88d220ada	6	1	4	0	yes	yes	no	fail_six_blanks_full_word_keys	provides|light|heat|make|on|possible|inside|sun|process|nuclear	prov|li|he|ma|o|poss|ins|s|pro|nuc	ides|ght|at|ke|n|ible|ide|un|cess|lear	10	none	mechanically_derivable	language_pass_initial	needs_factual_precision	no_high_similarity_pair_at_threshold	no_exact_full_sentence_match_in_query	CTW-COUNT-001|CTW-KEY-001|CTW-FIRST-001|CTW-FACT-AUDIT-2026-08-09	58c2fb0c84f955b1c249708b0fbd1bf0dbb14e43	commit_message_original_WeLearn_AI_coauthored	blocked_owner_attestation_search_limit_and_independent_review	B_fact_repair_then_C_derive	preserve_source_create_v3_fact_repair_then_derive	pending	candidate_documented_pending_code_authorization	blocked
t2-r-cw1	set-2	src/data/mocks/toefl-set-2.ts	personal_message	A student is writing to a professor to ask for a reference.	73	03504cffec58e70fc4b4f4f13b115d20f234713a43a35cec24cb079fe5c94715	6	2	3	0	no	yes	no	fail_six_blanks_full_word_keys	not_applicable	not_applicable	not_applicable	0	none	not_applicable_official_genre	language_pass_initial	not_applicable_nonfactual	no_high_similarity_pair_at_threshold	not_sampled_external	CTW-COUNT-001|CTW-KEY-001|CTW-GENRE-001|CTW-FIRST-001	58c2fb0c84f955b1c249708b0fbd1bf0dbb14e43	commit_message_original_WeLearn_AI_coauthored	internal_origin_pending_owner_attestation_similarity_and_independent_review	C_reclassify_as_skill_practice_A	preserve_text_outside_official_CTW	pending	candidate_documented_pending_code_authorization	blocked
t2-r-cw2	set-2	src/data/mocks/toefl-set-2.ts	academic_text	The following is from an article about penguins.	76	123f27b206541fa6eeb54d05e55df92fc5709dadfe251c6e17758b9268047a36	6	1	2	0	yes	yes	no	fail_six_blanks_full_word_keys	wings|become|that|them|quickly|the|in|of|Most|live	wi|bec|th|th|qui|t|i|o|Mo|li	ngs|ome|at|em|ckly|he|n|f|st|ve	10	none	mechanically_derivable	language_pass_initial	needs_species_qualification	no_high_similarity_pair_at_threshold	no_exact_full_sentence_match_in_query	CTW-COUNT-001|CTW-KEY-001|CTW-FIRST-001|CTW-FACT-AUDIT-2026-08-09	58c2fb0c84f955b1c249708b0fbd1bf0dbb14e43	commit_message_original_WeLearn_AI_coauthored	blocked_owner_attestation_search_limit_and_independent_review	B_species_precision_then_C_derive	preserve_source_qualify_species_then_derive	pending	candidate_documented_pending_code_authorization	blocked
t3-r-cw1	set-3	src/data/mocks/toefl-set-3.ts	personal_message	A student is writing to a language school.	68	e39ad8bcbbdfeb5715d3b7e8518c03230208a426f8b2cecec34b8bff227746d6	6	1	3	0	no	no	no	fail_six_blanks_full_word_keys	not_applicable	not_applicable	not_applicable	0	none	not_applicable_official_genre	language_pass_initial	not_applicable_nonfactual	no_high_similarity_pair_at_threshold	not_sampled_external	CTW-COUNT-001|CTW-KEY-001|CTW-GENRE-001|CTW-LEN-001|CTW-FIRST-001	58c2fb0c84f955b1c249708b0fbd1bf0dbb14e43	commit_message_original_WeLearn_AI_coauthored	internal_origin_pending_owner_attestation_similarity_and_independent_review	C_reclassify_as_skill_practice_A	preserve_text_outside_official_CTW	pending	candidate_documented_pending_code_authorization	blocked
t3-r-cw2	set-3	src/data/mocks/toefl-set-3.ts	academic_text	The following is from an article about the brain.	77	e9c3a6478ce494b62289be725f6f1c0318b47255cc7eeecf45fc9a0615a0122b	6	1	3	0	yes	yes	no	fail_six_blanks_full_word_keys	contains|of|cells|neurons|send|to|another|signals|us|think	cont|o|ce|neu|se|t|ano|sig|u|th	ains|f|lls|rons|nd|o|ther|nals|s|ink	10	none	mechanically_derivable	language_pass_initial	needs_editorial_precision	no_high_similarity_pair_at_threshold	no_exact_full_sentence_match_in_query	CTW-COUNT-001|CTW-KEY-001|CTW-FIRST-001|CTW-FACT-AUDIT-2026-08-09	58c2fb0c84f955b1c249708b0fbd1bf0dbb14e43	commit_message_original_WeLearn_AI_coauthored	blocked_owner_attestation_search_limit_and_independent_review	B_editorial_precision_then_C_derive	preserve_source_remove_unverifiable_superlative_then_derive	pending	candidate_documented_pending_code_authorization	blocked
t4-r-cw1	set-4	src/data/mocks/toefl-set-4.ts	personal_message	A student is writing to report a problem in a dormitory.	70	188c87baef8f986a716e4d8a823c239a1bc61fbc1101cf8dbb08bfa82a2f45b6	6	1	3	0	no	yes	no	fail_six_blanks_full_word_keys	not_applicable	not_applicable	not_applicable	0	none	not_applicable_official_genre	language_pass_initial	not_applicable_nonfactual	near_duplicate_heat_01_jaccard3_0.2427_cosine_0.8080	sample_no_exact_match	CTW-COUNT-001|CTW-KEY-001|CTW-GENRE-001|CTW-FIRST-001|SIM-INTERNAL-001	58c2fb0c84f955b1c249708b0fbd1bf0dbb14e43	commit_message_original_WeLearn_AI_coauthored	internal_origin_pending_owner_attestation_similarity_and_independent_review	B_deduplicate_then_reclassify_A	preserve_both_sources_adjudicate_overlap_then_reclassify	pending	candidate_documented_pending_code_authorization	blocked
t4-r-cw2	set-4	src/data/mocks/toefl-set-4.ts	academic_text	The following is from an article about ants.	72	8ea99655e53aed9cae07a13ae7ea49fef7f357c9498d962ad583bcb26cb544a4	6	1	5	0	yes	yes	no	fail_six_blanks_full_word_keys	are|for|highly|living|large|where|ant|a|role|search	a|f|hig|liv|la|wh|a|[unresolved]|ro|sea	re|or|hly|ing|rge|ere|nt|[unresolved]|le|rch	9	p16:one_letter:a	pending_tokenization_adjudication	language_pass_initial	needs_factual_and_similarity_repair	no_high_similarity_pair_at_threshold	exact_sentence_match_preexisting_AnimalStart_2025	CTW-COUNT-001|CTW-KEY-001|CTW-FIRST-001|CTW-TOKEN-UNVERIFIED-001|CTW-FACT-AUDIT-2026-08-09|RIGHTS-EXACT-001	58c2fb0c84f955b1c249708b0fbd1bf0dbb14e43	commit_message_original_WeLearn_AI_coauthored	blocked_exact_match_owner_attestation_rewrite_and_independent_review	B_fact_and_similarity_rewrite_then_C_derive	preserve_source_fact_repair_independent_rewrite_then_derive	pending	candidate_documented_pending_code_authorization	blocked
t5-r-cw1	set-5	src/data/mocks/toefl-set-5.ts	personal_message	A student is writing a short message to a classmate.	69	c6a2b70839114c4e43f9afd70a19ec29b391d5d4929333747fb03c76778d2ee3	6	1	3	0	no	no	no	fail_six_blanks_full_word_keys	not_applicable	not_applicable	not_applicable	0	none	not_applicable_official_genre	language_pass_initial	not_applicable_nonfactual	no_high_similarity_pair_at_threshold	not_sampled_external	CTW-COUNT-001|CTW-KEY-001|CTW-GENRE-001|CTW-LEN-001|CTW-FIRST-001	58c2fb0c84f955b1c249708b0fbd1bf0dbb14e43	commit_message_original_WeLearn_AI_coauthored	internal_origin_pending_owner_attestation_similarity_and_independent_review	C_reclassify_as_skill_practice_A	preserve_text_outside_official_CTW	pending	candidate_documented_pending_code_authorization	blocked
t5-r-cw2	set-5	src/data/mocks/toefl-set-5.ts	academic_text	The following is from an article about sleep.	79	5e72927c41dc5c7ca252e69d2a279991ff9a544fbde6a02ae4fcad8a86f1c3e5	6	1	1	0	yes	yes	no	fail_six_blanks_full_word_keys	sleep|brain|not|shut|it|active|memories|clearing|products|who	sl|br|n|sh|i|act|memo|clea|prod|w	eep|ain|ot|ut|t|ive|ries|ring|ucts|ho	10	none	mechanically_derivable	language_pass_initial	needs_evidence_qualification	no_high_similarity_pair_at_threshold	no_exact_full_sentence_match_in_query	CTW-COUNT-001|CTW-KEY-001|CTW-FIRST-001|CTW-FACT-AUDIT-2026-08-09	58c2fb0c84f955b1c249708b0fbd1bf0dbb14e43	commit_message_original_WeLearn_AI_coauthored	blocked_owner_attestation_search_limit_and_independent_review	B_evidence_precision_then_C_derive	preserve_source_qualify_evidence_then_derive	pending	candidate_documented_pending_code_authorization	blocked
t6-r-cw1	set-6	src/data/mocks/toefl-set-6.ts	personal_message	A student is writing to the housing office.	63	b086bb40fc450a0fd284a68a065823dded2b2cf670eb156cb2a208bd52d8c227	6	1	2	0	no	no	no	fail_six_blanks_full_word_keys	not_applicable	not_applicable	not_applicable	0	none	not_applicable_official_genre	language_pass_initial	not_applicable_nonfactual	near_duplicate_heat_01_jaccard3_0.2427_cosine_0.8080	sample_no_exact_match	CTW-COUNT-001|CTW-KEY-001|CTW-GENRE-001|CTW-LEN-001|CTW-FIRST-001|SIM-INTERNAL-001	58c2fb0c84f955b1c249708b0fbd1bf0dbb14e43	commit_message_original_WeLearn_AI_coauthored	internal_origin_pending_owner_attestation_similarity_and_independent_review	B_deduplicate_then_reclassify_A	preserve_both_sources_adjudicate_overlap_then_reclassify	pending	candidate_documented_pending_code_authorization	blocked
t6-r-cw2	set-6	src/data/mocks/toefl-set-6.ts	academic_text	The following is from an article about bees.	70	050c19ef6dcd16b44c4e07d3ace87695dc94d1222156fa6e5d52f0fe4ea83c15	6	1	1	0	yes	yes	no	fail_six_blanks_full_word_keys	a|moves|flower|flower|nectar|carries|with|allowing|to|seeds	[unresolved]|mo|flo|flo|nec|car|wi|allo|t|se	[unresolved]|ves|wer|wer|tar|ries|th|wing|o|eds	9	p2:one_letter:a	pending_tokenization_adjudication	language_pass_initial	needs_population_scope	no_high_similarity_pair_at_threshold	no_exact_full_sentence_match_in_query	CTW-COUNT-001|CTW-KEY-001|CTW-FIRST-001|CTW-TOKEN-UNVERIFIED-001|CTW-FACT-AUDIT-2026-08-09	58c2fb0c84f955b1c249708b0fbd1bf0dbb14e43	commit_message_original_WeLearn_AI_coauthored	blocked_owner_attestation_search_limit_and_independent_review	B_population_scope_then_C_derive	preserve_source_limit_population_scope_then_adjudicate_and_derive	pending	candidate_documented_pending_code_authorization	blocked
t7-r-cw1	set-7	src/data/mocks/toefl-set-7.ts	personal_message	A student is writing to a study-abroad advisor.	63	92438f4ed0429a67b6658c3d3fccc6f1e33fb28812f7ef9ef4e9b58f66ee8aa0	6	1	1	0	no	no	no	fail_six_blanks_full_word_keys	not_applicable	not_applicable	not_applicable	0	none	not_applicable_official_genre	language_pass_initial	not_applicable_nonfactual	no_high_similarity_pair_at_threshold	not_sampled_external	CTW-COUNT-001|CTW-KEY-001|CTW-GENRE-001|CTW-LEN-001|CTW-FIRST-001	58c2fb0c84f955b1c249708b0fbd1bf0dbb14e43	commit_message_original_WeLearn_AI_coauthored	internal_origin_pending_owner_attestation_similarity_and_independent_review	C_reclassify_as_skill_practice_A	preserve_text_outside_official_CTW	pending	candidate_documented_pending_code_authorization	blocked
t7-r-cw2	set-7	src/data/mocks/toefl-set-7.ts	academic_text	The following is from an article about recycling.	72	2d5ff3a58c66ef3c29c0f25a20ddf334c1bd91bb0756ad238f266582c1cea2ec	6	1	4	0	yes	yes	no	fail_six_blanks_full_word_keys	materials|as|paper|plastic|collected|processed|can|turned|new|saving	mate|a|pa|pla|coll|proc|c|tur|n|sav	rials|s|per|stic|ected|essed|an|ned|ew|ing	10	none	mechanically_derivable	language_pass_initial	fact_pass_general_scope	no_high_similarity_pair_at_threshold	no_exact_full_sentence_match_in_query	CTW-COUNT-001|CTW-KEY-001|CTW-FIRST-001|CTW-FACT-AUDIT-2026-08-09	58c2fb0c84f955b1c249708b0fbd1bf0dbb14e43	commit_message_original_WeLearn_AI_coauthored	blocked_owner_attestation_search_limit_and_independent_review	C_derive_after_rights_review	preserve_source_rights_review_then_derive	pending	candidate_documented_pending_code_authorization	blocked
t8-r-cw1	set-8	src/data/mocks/toefl-set-8.ts	personal_message	A student is leaving a note for a roommate.	64	741458953fe7a53d11079266287d1843d887810b5ed64d9c91d622ce59d664f1	6	1	3	0	no	no	no	fail_six_blanks_full_word_keys	not_applicable	not_applicable	not_applicable	0	none	not_applicable_official_genre	language_pass_initial	not_applicable_nonfactual	no_high_similarity_pair_at_threshold	not_sampled_external	CTW-COUNT-001|CTW-KEY-001|CTW-GENRE-001|CTW-LEN-001|CTW-FIRST-001	58c2fb0c84f955b1c249708b0fbd1bf0dbb14e43	commit_message_original_WeLearn_AI_coauthored	internal_origin_pending_owner_attestation_similarity_and_independent_review	C_reclassify_as_skill_practice_A	preserve_text_outside_official_CTW	pending	candidate_documented_pending_code_authorization	blocked
t8-r-cw2	set-8	src/data/mocks/toefl-set-8.ts	academic_text	The following is from an article about volcanoes.	70	849d4dfcf2abd0197573e1464e292f251e9b72762fb3772f2ffcb77e4eaaa456	6	2	5	0	yes	yes	no	fail_six_blanks_full_word_keys	the|this|rock|called|once|reaches|the|it|known|lava	t|th|ro|cal|on|rea|t|i|kn|la	he|is|ck|led|ce|ches|he|t|own|va	10	none	mechanically_derivable	repair_grammar_reaches_the_surface	needs_language_and_forecast_precision	no_high_similarity_pair_at_threshold	no_exact_full_sentence_match_in_query_generic_geology_overlap_only	CTW-COUNT-001|CTW-KEY-001|CTW-FIRST-001|EDITOR-GRAMMAR-001|CTW-FACT-AUDIT-2026-08-09	58c2fb0c84f955b1c249708b0fbd1bf0dbb14e43	commit_message_original_WeLearn_AI_coauthored	blocked_owner_attestation_search_limit_and_independent_review	B_language_and_fact_repair_then_C_derive	preserve_source_repair_language_and_forecast_then_derive	pending	candidate_documented_pending_code_authorization	blocked
t9-r-cw1	set-9	src/data/mocks/toefl-set-9.ts	personal_message	A student is writing to a professor about a deadline.	65	8ed64f90c2477d8ac5e4d2e473a0654e9d39edfb9e2a635fe9c8a94ab3f32726	6	1	5	0	no	no	no	fail_six_blanks_full_word_keys	not_applicable	not_applicable	not_applicable	0	none	not_applicable_official_genre	language_pass_initial	not_applicable_nonfactual	no_high_similarity_pair_at_threshold	not_sampled_external	CTW-COUNT-001|CTW-KEY-001|CTW-GENRE-001|CTW-LEN-001|CTW-FIRST-001	58c2fb0c84f955b1c249708b0fbd1bf0dbb14e43	commit_message_original_WeLearn_AI_coauthored	internal_origin_pending_owner_attestation_similarity_and_independent_review	C_reclassify_as_skill_practice_A	preserve_text_outside_official_CTW	pending	candidate_documented_pending_code_authorization	blocked
t9-r-cw2	set-9	src/data/mocks/toefl-set-9.ts	academic_text	The following is from an article about the human heart.	58	0c417f7ca00a37ef2154d297524471ba1be54ffa2e117ea3f99e317c181fd964	6	1	5	0	yes	no	no	fail_six_blanks_full_word_keys	beats|one|thousand|a|sending|and|to|cell|keep|heart	be|o|thou|[unresolved]|sen|a|t|ce|ke|he	ats|ne|sand|[unresolved]|ding|nd|o|ll|ep|art	9	p8:one_letter:a	blocked_length_and_token_rule	language_pass_initial	fact_pass_general_health_scope	no_high_similarity_pair_at_threshold	no_exact_full_sentence_match_in_query	CTW-COUNT-001|CTW-KEY-001|CTW-LEN-001|CTW-FIRST-001|CTW-TOKEN-UNVERIFIED-001|CTW-FACT-AUDIT-2026-08-09	58c2fb0c84f955b1c249708b0fbd1bf0dbb14e43	commit_message_original_WeLearn_AI_coauthored	blocked_owner_attestation_search_limit_and_independent_review	B_extend_then_C_derive	preserve_source_extend_sourced_version_then_adjudicate_and_derive	pending	candidate_documented_pending_code_authorization	blocked
t10-r-cw1	set-10	src/data/mocks/toefl-set-10.ts	personal_message	A student is writing a review of a restaurant.	66	d2805770f0fee51ce1ededb7f4fa060472a0171c4fb1bbab15eee2417b80059f	6	1	2	0	no	no	no	fail_six_blanks_full_word_keys	not_applicable	not_applicable	not_applicable	0	none	not_applicable_official_genre	language_pass_initial	not_applicable_nonfactual	no_high_similarity_pair_at_threshold	not_sampled_external	CTW-COUNT-001|CTW-KEY-001|CTW-GENRE-001|CTW-LEN-001|CTW-FIRST-001	58c2fb0c84f955b1c249708b0fbd1bf0dbb14e43	commit_message_original_WeLearn_AI_coauthored	internal_origin_pending_owner_attestation_similarity_and_independent_review	C_reclassify_as_skill_practice_A	preserve_text_outside_official_CTW	pending	candidate_documented_pending_code_authorization	blocked
t10-r-cw2	set-10	src/data/mocks/toefl-set-10.ts	academic_text	The following is from an article about rivers.	78	f5f53ad95a4f5741f23fb00fa4e0b7df4b2ef66a9927926ba5acd3d471e1b987	6	0	2	0	yes	yes	no	fail_six_blanks_full_word_keys	begin|high|often|rain|melting|and|flow|Along|way|shape	be|hi|of|ra|mel|a|fl|Al|w|sh	gin|gh|ten|in|ting|nd|ow|ong|ay|ape	10	none	mechanically_derivable	language_pass_initial	fact_pass_general_scope	no_high_similarity_pair_at_threshold	no_exact_full_sentence_match_in_query	CTW-COUNT-001|CTW-KEY-001|CTW-FACT-AUDIT-2026-08-09	58c2fb0c84f955b1c249708b0fbd1bf0dbb14e43	commit_message_original_WeLearn_AI_coauthored	blocked_owner_attestation_search_limit_and_independent_review	C_derive_after_rights_review	preserve_source_rights_review_then_derive	pending	candidate_documented_pending_code_authorization	blocked
t11-r-cw1	set-11	src/data/mocks/toefl-set-11.ts	personal_message	A student is writing to a club organizer.	59	bd8feb63b5085bb89769811c894d72528b5947f4dbfa32a982c80f988092dbd7	6	2	3	0	no	no	no	fail_six_blanks_full_word_keys	not_applicable	not_applicable	not_applicable	0	none	not_applicable_official_genre	language_pass_initial	not_applicable_nonfactual	no_high_similarity_pair_at_threshold	not_sampled_external	CTW-COUNT-001|CTW-KEY-001|CTW-GENRE-001|CTW-LEN-001|CTW-FIRST-001	58c2fb0c84f955b1c249708b0fbd1bf0dbb14e43	commit_message_original_WeLearn_AI_coauthored	internal_origin_pending_owner_attestation_similarity_and_independent_review	C_reclassify_as_skill_practice_A	preserve_text_outside_official_CTW	pending	candidate_documented_pending_code_authorization	blocked
t11-r-cw2	set-11	src/data/mocks/toefl-set-11.ts	academic_text	The following is from an article about deserts.	81	f7b42c56136e13348978648d001c31628f6b4a450197f072c19abffb668afad0	6	1	4	0	yes	yes	no	fail_six_blanks_full_word_keys	the|conditions|plants|animals|adapted|survive|Cacti|example|water|their	t|condi|pla|ani|ada|sur|Ca|exa|wa|th	he|tions|nts|mals|pted|vive|cti|mple|ter|eir	10	none	mechanically_derivable	language_pass_initial	needs_definition_repair	no_high_similarity_pair_at_threshold	no_exact_full_sentence_match_in_query	CTW-COUNT-001|CTW-KEY-001|CTW-FIRST-001|CTW-FACT-AUDIT-2026-08-09	58c2fb0c84f955b1c249708b0fbd1bf0dbb14e43	commit_message_original_WeLearn_AI_coauthored	blocked_owner_attestation_search_limit_and_independent_review	B_definition_repair_then_C_derive	preserve_source_repair_desertification_definition_then_derive	pending	candidate_documented_pending_code_authorization	blocked
t12-r-cw1	set-12	src/data/mocks/toefl-set-12.ts	personal_message	A student is writing a thank-you message.	69	293190763419d1b6fcd11b8f7aa385195a3d8aee0b45e7c42c41d8304117e001	6	1	5	0	no	no	no	fail_six_blanks_full_word_keys	not_applicable	not_applicable	not_applicable	0	none	not_applicable_official_genre	language_pass_initial	not_applicable_nonfactual	no_high_similarity_pair_at_threshold	not_sampled_external	CTW-COUNT-001|CTW-KEY-001|CTW-GENRE-001|CTW-LEN-001|CTW-FIRST-001	58c2fb0c84f955b1c249708b0fbd1bf0dbb14e43	commit_message_original_WeLearn_AI_coauthored	internal_origin_pending_owner_attestation_similarity_and_independent_review	C_reclassify_as_skill_practice_A	preserve_text_outside_official_CTW	pending	candidate_documented_pending_code_authorization	blocked
t12-r-cw2	set-12	src/data/mocks/toefl-set-12.ts	academic_text	The following is from an article about the Moon.	75	1d439926a05858fa5203f976e8042b715ac696586a054380255905e03bb32511	6	1	5	0	yes	yes	no	fail_six_blanks_full_word_keys	has|atmosphere|no|water|its|which|covered|craters|by|impacts	h|atmos|n|wa|i|wh|cov|cra|b|imp	as|phere|o|ter|ts|ich|ered|ters|y|acts	10	none	mechanically_derivable	language_pass_initial	needs_atmosphere_precision	no_high_similarity_pair_at_threshold	no_exact_full_sentence_match_in_query	CTW-COUNT-001|CTW-KEY-001|CTW-FIRST-001|CTW-FACT-AUDIT-2026-08-09	58c2fb0c84f955b1c249708b0fbd1bf0dbb14e43	commit_message_original_WeLearn_AI_coauthored	blocked_owner_attestation_search_limit_and_independent_review	B_atmosphere_precision_then_C_derive	preserve_source_repair_lunar_atmosphere_then_derive	pending	candidate_documented_pending_code_authorization	blocked
t13-r-cw1	set-13	src/data/mocks/toefl-set-13.ts	personal_message	A customer is writing an online review of a hotel.	69	ce2a3351c49d53137800e7d437ea1c551dc6374413893799e392cd8723f18baf	6	1	2	0	no	no	no	fail_six_blanks_full_word_keys	not_applicable	not_applicable	not_applicable	0	none	not_applicable_official_genre	language_pass_initial	not_applicable_nonfactual	no_high_similarity_pair_at_threshold	not_sampled_external	CTW-COUNT-001|CTW-KEY-001|CTW-GENRE-001|CTW-LEN-001|CTW-FIRST-001	58c2fb0c84f955b1c249708b0fbd1bf0dbb14e43	commit_message_original_WeLearn_AI_coauthored	internal_origin_pending_owner_attestation_similarity_and_independent_review	C_reclassify_as_skill_practice_A	preserve_text_outside_official_CTW	pending	candidate_documented_pending_code_authorization	blocked
t13-r-cw2	set-13	src/data/mocks/toefl-set-13.ts	academic_text	The following is from an article about rainforests.	75	9da4c7b1825f1a453ca2e426f9a6cd849af9381984b43c72a9fcb32525acd9e5	6	2	3	0	yes	yes	no	fail_six_blanks_full_word_keys	tall|form|thick|that|most|from|the|Rainforests|play|key	ta|fo|th|th|mo|fr|t|Rainf|pl|k	ll|rm|ick|at|st|om|he|orests|ay|ey	10	none	mechanically_derivable	language_pass_initial	needs_estimate_scope_and_similarity_repair	no_high_similarity_pair_at_threshold	near_stock_phrase_overlap_biodiversity_and_water_cycle	CTW-COUNT-001|CTW-KEY-001|CTW-FIRST-001|RIGHTS-SIM-GENERIC-001|FACT-QUALIFY-001|CTW-FACT-AUDIT-2026-08-09|RIGHTS-STOCK-001	58c2fb0c84f955b1c249708b0fbd1bf0dbb14e43	commit_message_original_WeLearn_AI_coauthored	blocked_stock_overlap_owner_attestation_rewrite_and_independent_review	B_scope_and_similarity_rewrite_then_C_derive	preserve_source_limit_estimate_independent_rewrite_then_derive	pending	candidate_documented_pending_code_authorization	blocked
t14-r-cw1	set-14	src/data/mocks/toefl-set-14.ts	personal_message	A student is writing to a landlord.	77	c6318dd04e2a33a59f68228fb65300f33837a3149e581a00c416b0ff8fc375b5	6	1	2	0	no	yes	no	fail_six_blanks_full_word_keys	not_applicable	not_applicable	not_applicable	0	none	not_applicable_official_genre	language_pass_initial	not_applicable_nonfactual	no_high_similarity_pair_at_threshold	not_sampled_external	CTW-COUNT-001|CTW-KEY-001|CTW-GENRE-001|CTW-FIRST-001	58c2fb0c84f955b1c249708b0fbd1bf0dbb14e43	commit_message_original_WeLearn_AI_coauthored	internal_origin_pending_owner_attestation_similarity_and_independent_review	C_reclassify_as_skill_practice_A	preserve_text_outside_official_CTW	pending	candidate_documented_pending_code_authorization	blocked
t14-r-cw2	set-14	src/data/mocks/toefl-set-14.ts	academic_text	The following is from an article about volcano-formed islands.	71	a565d64ec31191dbadef422b86e1cec6172dfdf757676ce8f182b0e5ea777d3c	6	1	3	0	yes	yes	no	fail_six_blanks_full_word_keys	thousands|years|of|rock|up|they|above|water's|At|these	thou|ye|o|ro|u|th|ab|[unresolved]|A|th	sands|ars|f|ck|p|ey|ove|[unresolved]|t|ese	9	p16:nonalpha:water's	pending_tokenization_adjudication	language_pass_initial	fact_pass_general_scope	no_high_similarity_pair_at_threshold	no_exact_full_sentence_match_in_query	CTW-COUNT-001|CTW-KEY-001|CTW-FIRST-001|CTW-TOKEN-UNVERIFIED-001|CTW-FACT-AUDIT-2026-08-09	58c2fb0c84f955b1c249708b0fbd1bf0dbb14e43	commit_message_original_WeLearn_AI_coauthored	blocked_owner_attestation_search_limit_and_independent_review	C_token_adjudication_and_rights_then_derive	preserve_source_adjudicate_token_and_rights_then_derive	pending	candidate_documented_pending_code_authorization	blocked
t15-r-cw1	set-15	src/data/mocks/toefl-set-15.ts	personal_message	A student is writing to arrange a meeting.	67	e87ce478befb298fa124c150d5d56f1e811d582d30ee28f47b7ac539780ef105	6	0	4	0	no	no	no	fail_six_blanks_full_word_keys	not_applicable	not_applicable	not_applicable	0	none	not_applicable_official_genre	language_pass_initial	not_applicable_nonfactual	no_high_similarity_pair_at_threshold	not_sampled_external	CTW-COUNT-001|CTW-KEY-001|CTW-GENRE-001|CTW-LEN-001	58c2fb0c84f955b1c249708b0fbd1bf0dbb14e43	commit_message_original_WeLearn_AI_coauthored	internal_origin_pending_owner_attestation_similarity_and_independent_review	C_reclassify_as_skill_practice_A	preserve_text_outside_official_CTW	pending	candidate_documented_pending_code_authorization	blocked
t15-r-cw2	set-15	src/data/mocks/toefl-set-15.ts	academic_text	The following is from an article about electric cars.	72	b704da31577bc2e479308f12494ead9d798f3518491e8e6cfc13a76914a75fe6	6	1	4	0	yes	yes	no	fail_six_blanks_full_word_keys	traditional|they|no|fumes|helps|air|in|Instead|petrol|run	tradi|th|n|fu|he|a|i|Ins|pet|r	tional|ey|o|mes|lps|ir|n|tead|rol|un	10	none	mechanically_derivable	language_pass_initial	needs_tailpipe_lifecycle_scope	no_high_similarity_pair_at_threshold	no_exact_full_sentence_match_in_query	CTW-COUNT-001|CTW-KEY-001|CTW-FIRST-001|FACT-SCOPE-001|CTW-FACT-AUDIT-2026-08-09	58c2fb0c84f955b1c249708b0fbd1bf0dbb14e43	commit_message_original_WeLearn_AI_coauthored	blocked_owner_attestation_search_limit_and_independent_review	B_lifecycle_precision_then_C_derive	preserve_source_repair_tailpipe_and_lifecycle_then_derive	pending	candidate_documented_pending_code_authorization	blocked
t16-r-cw1	set-16	src/data/mocks/toefl-set-16.ts	personal_message	A student is writing to a classmate about a missed class.	56	1057953be3c38d1f9c2661bc109fefb6cb1ee10e1cf08b5e24ae93364526d7c5	6	2	3	0	no	no	no	fail_six_blanks_full_word_keys	not_applicable	not_applicable	not_applicable	0	none	not_applicable_official_genre	language_pass_initial	not_applicable_nonfactual	no_high_similarity_pair_at_threshold	not_sampled_external	CTW-COUNT-001|CTW-KEY-001|CTW-GENRE-001|CTW-LEN-001|CTW-FIRST-001	58c2fb0c84f955b1c249708b0fbd1bf0dbb14e43	commit_message_original_WeLearn_AI_coauthored	internal_origin_pending_owner_attestation_similarity_and_independent_review	C_reclassify_as_skill_practice_A	preserve_text_outside_official_CTW	pending	candidate_documented_pending_code_authorization	blocked
t16-r-cw2	set-16	src/data/mocks/toefl-set-16.ts	academic_text	The following is from an article about glaciers.	67	4199519524a6673d092ea9df55175a75d382dbc98cbff4e55d07be70ea4768d4	6	1	5	0	yes	no	no	fail_six_blanks_full_word_keys	move|slowly|only|few|a|but|time|can|deep|into	mo|slo|on|f|[unresolved]|b|ti|c|de|in	ve|wly|ly|ew|[unresolved]|ut|me|an|ep|to	9	p10:one_letter:a	blocked_length_and_token_rule	language_pass_initial	fact_pass_but_similarity_rewrite_required	no_high_similarity_pair_at_threshold	exact_sentence_match_preexisting_NationalGeographic	CTW-COUNT-001|CTW-KEY-001|CTW-LEN-001|CTW-FIRST-001|CTW-TOKEN-UNVERIFIED-001|CTW-FACT-AUDIT-2026-08-09|RIGHTS-EXACT-002	58c2fb0c84f955b1c249708b0fbd1bf0dbb14e43	commit_message_original_WeLearn_AI_coauthored	blocked_exact_match_owner_attestation_rewrite_and_independent_review	B_extend_and_similarity_rewrite_then_C_derive	preserve_source_extend_independent_rewrite_then_adjudicate_and_derive	pending	candidate_documented_pending_code_authorization	blocked
t17-r-cw1	set-17	src/data/mocks/toefl-set-17.ts	personal_message	A student is writing to a bank.	71	b7b344970cfa59f283c8b31bae3ab9c39f16f53f51501457204ce15a0c763b54	6	1	4	0	no	yes	no	fail_six_blanks_full_word_keys	not_applicable	not_applicable	not_applicable	0	none	not_applicable_official_genre	language_pass_initial	not_applicable_nonfactual	no_high_similarity_pair_at_threshold	not_sampled_external	CTW-COUNT-001|CTW-KEY-001|CTW-GENRE-001|CTW-FIRST-001	58c2fb0c84f955b1c249708b0fbd1bf0dbb14e43	commit_message_original_WeLearn_AI_coauthored	internal_origin_pending_owner_attestation_similarity_and_independent_review	C_reclassify_as_skill_practice_A	preserve_text_outside_official_CTW	pending	candidate_documented_pending_code_authorization	blocked
t17-r-cw2	set-17	src/data/mocks/toefl-set-17.ts	academic_text	The following is from an article about spiders.	77	099755d72e08a2b6e6b32e8ad8f50bfc70d763fff71a02253394b8e59c63b385	6	1	5	0	yes	yes	no	fail_six_blanks_full_word_keys	help|the|of|such|flies|mosquitoes|spiders|webs|silk|produce	he|t|o|su|fl|mosqu|spi|we|si|pro	lp|he|f|ch|ies|itoes|ders|bs|lk|duce	10	none	mechanically_derivable	language_pass_initial	needs_behavior_and_material_property_precision	no_high_similarity_pair_at_threshold	stock_comparison_phrase_high_prevalence_no_exact_full_sentence_match	CTW-COUNT-001|CTW-KEY-001|CTW-FIRST-001|FACT-QUALIFY-002|CTW-FACT-AUDIT-2026-08-09|RIGHTS-STOCK-002	58c2fb0c84f955b1c249708b0fbd1bf0dbb14e43	commit_message_original_WeLearn_AI_coauthored	blocked_stock_overlap_owner_attestation_rewrite_and_independent_review	B_behavior_and_property_repair_then_C_derive	preserve_source_repair_behavior_property_and_rewrite_then_derive	pending	candidate_documented_pending_code_authorization	blocked
t18-r-cw1	set-18	src/data/mocks/toefl-set-18.ts	personal_message	A student is writing a message to a group of friends.	74	684884b9927485038c11747fdb70844198cfbd8125c800d5d18b9b54bbad6a52	6	1	2	0	no	yes	no	fail_six_blanks_full_word_keys	not_applicable	not_applicable	not_applicable	0	none	not_applicable_official_genre	language_pass_initial	not_applicable_nonfactual	no_high_similarity_pair_at_threshold	not_sampled_external	CTW-COUNT-001|CTW-KEY-001|CTW-GENRE-001|CTW-FIRST-001	58c2fb0c84f955b1c249708b0fbd1bf0dbb14e43	commit_message_original_WeLearn_AI_coauthored	internal_origin_pending_owner_attestation_similarity_and_independent_review	C_reclassify_as_skill_practice_A	preserve_text_outside_official_CTW	pending	candidate_documented_pending_code_authorization	blocked
t18-r-cw2	set-18	src/data/mocks/toefl-set-18.ts	academic_text	The following is from an article about the water cycle.	84	fe63009e4bdcba5c83f2fcbed75ed56590de981d7642345d3071e44f4458f527	6	0	5	0	yes	yes	no	fail_six_blanks_full_word_keys	from|sun|water|oceans|lakes|evaporate|into|that|into|air	fr|s|wa|oce|la|evap|in|th|in|a	om|un|ter|ans|kes|orate|to|at|to|ir	10	none	mechanically_derivable	language_pass_initial	needs_freshwater_absolute_repair	no_high_similarity_pair_at_threshold	no_exact_full_sentence_match_in_query	CTW-COUNT-001|CTW-KEY-001|CTW-FACT-AUDIT-2026-08-09	58c2fb0c84f955b1c249708b0fbd1bf0dbb14e43	commit_message_original_WeLearn_AI_coauthored	blocked_owner_attestation_search_limit_and_independent_review	B_absolute_repair_then_C_derive	preserve_source_repair_freshwater_absolute_then_derive	pending	candidate_documented_pending_code_authorization	blocked
t19-r-cw1	set-19	src/data/mocks/toefl-set-19.ts	personal_message	A student is writing to a museum about a school visit.	76	bbf8d6b487376f962efe325b431a1bb053f48a42cbf2dcef550ee038937ce498	6	1	5	0	no	yes	no	fail_six_blanks_full_word_keys	not_applicable	not_applicable	not_applicable	0	none	not_applicable_official_genre	repair_instruction_student_vs_teacher	not_applicable_nonfactual	no_high_similarity_pair_at_threshold	not_sampled_external	CTW-COUNT-001|CTW-KEY-001|CTW-GENRE-001|CTW-FIRST-001|EDITOR-INSTR-001	58c2fb0c84f955b1c249708b0fbd1bf0dbb14e43	commit_message_original_WeLearn_AI_coauthored	internal_origin_pending_owner_attestation_similarity_and_independent_review	B_fix_instruction_then_reclassify_A	align_instruction_with_teacher_voice_then_reclassify	pending	candidate_documented_pending_code_authorization	blocked
t19-r-cw2	set-19	src/data/mocks/toefl-set-19.ts	academic_text	The following is from an article about the human eye.	73	102f589885490ce1cce85d586caf3101dab97143e1bdb544dc544fd3d122a3f6	6	1	5	0	yes	yes	no	fail_six_blanks_full_word_keys	enters|the|at|front|the|and|focused|the|onto|retina	ent|t|a|fr|t|a|foc|t|on|ret	ers|he|t|ont|he|nd|used|he|to|ina	10	none	mechanically_derivable	language_pass_initial	fact_pass_general_scope	no_high_similarity_pair_at_threshold	no_exact_full_sentence_match_in_query	CTW-COUNT-001|CTW-KEY-001|CTW-FIRST-001|CTW-FACT-AUDIT-2026-08-09	58c2fb0c84f955b1c249708b0fbd1bf0dbb14e43	commit_message_original_WeLearn_AI_coauthored	blocked_owner_attestation_search_limit_and_independent_review	C_derive_after_rights_review	preserve_source_rights_review_then_derive	pending	candidate_documented_pending_code_authorization	blocked
t20-r-cw1	set-20	src/data/mocks/toefl-set-20.ts	personal_message	A student is writing a message about a lost item.	64	06c488d1b74566376b3792e2e7744e088774654c35b03d70bb4d9d67441bf867	6	1	2	1	no	no	no	fail_six_blanks_full_word_keys	not_applicable	not_applicable	not_applicable	0	none	not_applicable_official_genre	language_pass_initial	not_applicable_nonfactual	no_high_similarity_pair_at_threshold	not_sampled_external	CTW-COUNT-001|CTW-KEY-001|CTW-GENRE-001|CTW-LEN-001|CTW-FIRST-001|CTW-ZERO-001	58c2fb0c84f955b1c249708b0fbd1bf0dbb14e43	commit_message_original_WeLearn_AI_coauthored	internal_origin_pending_owner_attestation_similarity_and_independent_review	B_fix_zero_gap_then_reclassify_A	repair_zero_gap_then_reclassify	pending	candidate_documented_pending_code_authorization	blocked
t20-r-cw2	set-20	src/data/mocks/toefl-set-20.ts	academic_text	The following is from an article about renewable energy.	67	f7e325dc8b187c10390a95bea1d5006073f3e7fc3d212a80453de071f855f0b2	6	1	3	0	yes	no	no	fail_six_blanks_full_word_keys	panels|sunlight|electricity|wind|use|air|generate|Unlike|and|these	pan|sunl|elect|wi|u|a|gene|Unl|a|th	els|ight|ricity|nd|se|ir|rate|ike|nd|ese	10	none	blocked_length	language_pass_initial	needs_lifecycle_and_trend_scope	no_high_similarity_pair_at_threshold	near_stock_phrase_overlap_educational_energy_material	CTW-COUNT-001|CTW-KEY-001|CTW-LEN-001|CTW-FIRST-001|RIGHTS-SIM-HIGH-001|FACT-SCOPE-002|CTW-FACT-AUDIT-2026-08-09|RIGHTS-STOCK-003	58c2fb0c84f955b1c249708b0fbd1bf0dbb14e43	commit_message_original_WeLearn_AI_coauthored	blocked_stock_overlap_owner_attestation_rewrite_and_independent_review	B_lifecycle_trend_similarity_and_length_repair_then_C_derive	preserve_source_repair_length_lifecycle_trend_similarity_then_derive	pending	candidate_documented_pending_code_authorization	blocked
